DATE OF,SetUp,ChangedBy,Unit,RE,AR,TOWN,NAME,ID,COUNTRY,SCHEME,Phone,Fax,Address0,Address1,Address2,Address3,Address4,Address5,Postcode,Brands,Host,ISSIHost,PNO,Site,TYPE,OpenDate,CloseDate,CMODDATE,OMODDATE,NMODDATE,NSF,FLOORS,Access,GRADE,Pager,Email,Delete,NotesLive,Trading Status,Graphic Tier,Planning Tier,Linear Space,Manager Name,Manager Title,DC,MWOnly,WiFi,LP_Region,LP_Area,EurCon,TOWNSIAS,FFCostCentre,ISSO3,SmartPick,InternationalType
,,,,,,Z USA NEW YORK,NEW YORK (BROADWAY),TM7000,US,,,,Topman,478 Broadway, , ,New York,United States Of America,10013,,TS6000,TS6000,3000,3000,,,,,,,6900,,,,,,,,,,,,,,,,,,,,,,,,
,,,,,,SUTTON,SUTTON,TM7003,ENG,,,,,137-145 High Street,,Sutton,Surrey,England,SM1 1JQ,,TS0035,TS0035,6023,6023,,,,,,,1490,,,,,,,,,,,,,,,,,,,,,,,,
,,,,,,WORCESTER,WORCESTER 2,TM7006,ENG,,,,,Unit 3,19 High Street,Worcester,Worcestershire,England,WR1 2QE,,TS0120,TS0120,1811,1811,,,,,,,1500,,,,,,,,,,,,,,,,,,,,,,,,
,,,,,,LONDON (KNIGHTSBRIDGE),KNIGHTSBRIDGE,TM7014,ENG,,,,,70 Brompton Road,,Knightsbridge,Greater London,England,SW3 1ER,,TS1054,TS1054,910,910,,,,,,,4106,,,,,,,,,,,,,,,,,,,,,,,,
,,,,,,PRESTON,PRESTON FISHERGATE,TM7017,ENG,,,,,125-127 Fishergate,,Preston,Lancashire,England,PR1 2DA,,TS0168,TS0168,2552,2552,,,,,,,3000,,,,,,,,,,,,,,,,,,,,,,,,
,,,,,,WORTHING,WORTHING,TM7021,ENG,,,,,21/23 Montague St,,Worthing,West Sussex,England,BN11 3BE,,TS0028,TS0028,1502,1502,,,,,,,1306,,,,,,,,,,,,,,,,,,,,,,,,
,,,,,,SHREWSBURY,SHREWSBURY,TM7028,ENG,,,,,Unit Lru,Charles Darwin Centre,Shrewsbury,Shropshire,England,SY1 1BN,,TS0200,TS0200,1824,1824,,,,,,,1356,,,,,,,,,,,,,,,,,,,,,,,,
,,,,,,LUTON,LUTON,TM7036,ENG,,,,,65-67 Arndale Centre,,Luton,Luton,England,LU1 3TP,,TS0054,TS0054,1474,1474,,,,,,,2011,,,,,,,,,,,,,,,,,,,,,,,,
,,,,,,SCARBOROUGH,SCARBOROUGH,TM7067,ENG,,,,,Unit 29/30,Brunswick  Pavilion,Scarborough,North Yorkshire,England,YO11 1UE,,TS0105,TS0105,1525,1525,,,,,,,1270,,,,,,,,,,,,,,,,,,,,,,,,
,,,,,,CHICHESTER,CHICHESTER,TM7069,ENG,,,,c/o Topshop,89-91 East Street,,Chichester,West Sussex,England,PO19 1HA,,TS1055,TS1055,936,936,,,,,,,2458,,,,,,,,,,,,,,,,,,,,,,,,
,,,,,,STIRLING,STIRLING,TM7088,SCO,,,,,Unit LSU2,Thistle Marches,Stirling,Stirling,Scotland,FK8 2EA,,TS0088,TS0088,1762,1762,,,,,,,2200,,,,,,,,,,,,,,,,,,,,,,,,
,,,,,,READING,READING ORACLE CTR,TM7096,ENG,,,,,"Unit 43, Town Mall",The Oracle Centre,Reading,Reading,England,RG1 2AS,0,TS0938,TS0938,171,171,,,,,,,5300,,,,,,,,,,,,,,,,,,,,,,,,
,,,,,,Z EIRE GALWAY,GALWAY,TM7099,EIR,,,,,Unit 9/10/11 Edward Square,,Galway,Co Galway,Eire,H91 RKT0,,TS0453,TS0453,469,469,,,,,,,2300,,,,,,,,,,,,,,,,,,,,,,,,
,,,,,,CRAWLEY,CRAWLEY,TM7101,ENG,,,,,Unit G,The Martletts,Crawley,West Sussex,England,RH10 1ER,,TS0025,TS0025,382,382,,,,,,,1979,,,,,,,,,,,,,,,,,,,,,,,,
,,,,,,LEEDS (WHITE ROSE),LEEDS WHITE ROSE,TM7106,ENG,,,,,White Rose Centre,Dewsbury Road,Leeds,West Yorkshire,England,LS11 8EW,,TS0122,TS0122,2563,2563,,,,,,,2970,,,,,,,,,,,,,,,,,,,,,,,,
,,,,,,LANCASTER,LANCASTER,TM7113,ENG,,,,,5-7 Penny Street,,Lancaster,Lancashire,England,LA1 1UA,,TS0108,TS0108,1666,1666,,,,,,,1510,,,,,,,,,,,,,,,,,,,,,,,,
,,,,,,BANGOR (WALES),BANGOR WALES,TM7117,WAL,,,,c/o Topshop,225/257 High St,,Bangor,Gwynedd,Wales,LL57 1PA,,TS0238,TS0238,480,480,,,,,,,1375,,,,,,,,,,,,,,,,,,,,,,,,
,,,,,,MILTON KEYNES,MILTON KEYNES NEW,TM7143,ENG,,,,c/o Top Shop,32 Midsummer Place,,Milton Keynes,Milton Keynes,England,MK9 3GA,,TS0183,TS0183,488,488,,,,,,,4604,,,,,,,,,,,,,,,,,,,,,,,,
,,,,,,SALISBURY,SALISBURY,TM7151,ENG,,,,,Units 27-29 & 31-33,Old George Mall,Salisbury,Wiltshire,England,SP1 2AA,,TS1061,TS1061,942,942,,,,,,,2200,,,,,,,,,,,,,,,,,,,,,,,,
,,,,,,SUNDERLAND,SUNDERLAND,TM7152,ENG,,,,c/o Top Shop,Unit 21 The Bridges,,Sunderland,Tyne and Wear,England,SR1 3LD,0,TS0337,TS0337,433,433,,,,,,,2500,,,,,,,,,,,,,,,,,,,,,,,,
,,,,,,OLDHAM,OLDHAM,TM7157,ENG,,,,,Unit 3,Town Square,Oldham,Greater Manchester,England,OL1 1XE,,TM7157,TM7157,1361,1361,,,,,,,2200,,,,,,,,,,,,,,,,,,,,,,,,
,,,,,,WOLVERHAMPTON,WOLVERHAMPTON,TM7159,ENG,,,,c/o Top Shop,12/13 Dudley Street,,Wolverhampton,West Midlands,England,WV1 3EY,0,TS0009,TS0009,928,928,,,,,,,1700,,,,,,,,,,,,,,,,,,,,,,,,
,,,,,,BURY,BURY,TM7172,ENG,,,,,Unit E03 The Rock,6 St John's Square,Bury,Greater Manchester,England,BL9 0JL,,TS1064,TS1064,932,932,,,,,,,2500,,,,,,,,,,,,,,,,,,,,,,,,
,,,,,,SOLIHULL,SOLIHULL,TM7174,ENG,,,,c/o Top Shop,"Unit Su60, Touchwood Centre",21 Cresecnt Arcade,Solihull,West Midlands,England,B91 3GZ,0,TS0393,TS0393,523,523,,,,,,,2238,,,,,,,,,,,,,,,,,,,,,,,,
,,,,,,ST HELIER,JERSEY,TM7182,JER,,,,,40 King Street,,St. Helier,Jersey,Channel Islands,JE2 4WE,,TS0080,TS0080,6044,6044,,,,,,,1599,,,,,,,,,,,,,,,,,,,,,,,,
,,,,,,COLCHESTER,COLCHESTER,TM7187,ENG,,,,c/o Top Shop,20 Culver Walk,Lion Walk Shopping Centre,Colchester,Essex,England,CO1 1XJ,,TS0520,TS0520,941,941,,,,,,,3500,,,,,,,,,,,,,,,,,,,,,,,,
,,,,,,CROYDON,CROYDON NORTH END,TM7189,ENG,,,,c/o Top Shop,54 North End,,Croydon,Greater London,England,CR0 1UG,,TS0216,TS0216,5025,5025,,,,,,,2400,,,,,,,,,,,,,,,,,,,,,,,,
,,,,,,LEAMINGTON SPA,LEAMINGTON SPA,TM7193,ENG,,,,c/o Top Shop,4 Upper Mallstreet,Royal Priors,Leamington Spa,Warwickshire,England,CV32 4XT,0,TS0063,TS0063,1875,1875,,,,,,,3100,,,,,,,,,,,,,,,,,,,,,,,,
,,,,,,NEWTOWNABBEY,NEWTOWNABBEY,TM7195,NI,,,,,"Unit 4, Abbey Centre",Longwood Road,Newtownabbey,Co Newtownabbey,Northern Ireland,BT37 9UH,0,TS0707,TS0707,558,558,,,,,,,1200,,,,,,,,,,,,,,,,,,,,,,,,
,,,,,,UXBRIDGE,UXBRIDGE,TM7196,ENG,,,,,"Unit 216, Upper Mall",The Intru Shopping Centre,Uxbridge,Greater London,England,UB8 1GE,,TS0100,DP0417,530,530,,,,,,,1600,,,,,,,,,,,,,,,,,,,,,,,,
,,,,,,BASINGSTOKE,BASINGSTOKE,TM7199,ENG,,,,c/o Topshop,7/8 Lower Ground Floor,Festival Place,Basingstoke,Hampshire,England,RG21 7AW,,TS0710,TS0710,566,566,,,,,,,2500,,,,,,,,,,,,,,,,,,,,,,,,
,,,,,,LEEDS,LEEDS (TRINITY),TM7202,ENG,,,,,42/44 Briggate,,Leeds,West Yorkshire,England,LS1 6HD,,TS0065,TS0065,945,945,,,,,,,7648,,,,,,,,,,,,,,,,,,,,,,,,
,,,,,,GUILDFORD,GUILDFORD,TM7205,ENG,,,,c/o Top Shop,The Friary Centre,,Guildford,Surrey,England,GU1 4YL,0,TS0166,TS0166,954,954,,,,,,,3900,,,,,,,,,,,,,,,,,,,,,,,,
,,,,,,SOUTHAMPTON,SOUTHAMPTON ABOVE BAR,TM7207,ENG,,,,,33/35 Above Bar Street,,Southampton,Southampton,England,SO1 7DX,,TS0174,TS0174,1344,1344,,,,,,,4960,,,,,,,,,,,,,,,,,,,,,,,,
,,,,,,COVENTRY,COVENTRY,TM7214,ENG,,,,,54/56 Broadgate,,Coventry,West Midlands,England,CV1 1NF,,TS0018,TS0018,13,13,,,,,,,2000,,,,,,,,,,,,,,,,,,,,,,,,
,,,,,,INVERNESS,INVERNESS,TM7217,SCO,,,,,"Units 63, 64 & 65 Eastgate Shopping Centre",11 Eastgate,Inverness,Highland,Scotland,IV2 3PP,,TS1082,TS1082,966,966,,,,,,,2000,,,,,,,,,,,,,,,,,,,,,,,,
,,,,,,BRENT CROSS,BRENT CROSS,TM7218,ENG,,,,,"Unit 72, Brent Cross Shopping Centre",Hendon Way,Brent Cross,Greater London,England,NW4 3FP,,TS0003,TS0003,780,780,,,,,,,3547,,,,,,,,,,,,,,,,,,,,,,,,
,,,,,,NORWICH,NORWICH,TM7232,ENG,,,,,15/17 The Haymarket,,Norwich,Norfolk,England,NR2 1QL,,TS0050,TS0050,8513,8513,,,,,,,6600,,,,,,,,,,,,,,,,,,,,,,,,
,,,,,,BIRMINGHAM,BIRMINGHAM BULLRING,TM7236,ENG,,,,c/o Top Shop,Unit Msu2b,New Bull Ring Centre,Birmingham,West Midlands,England,B5 4BF,,TS0723,TS0723,570,570,,,,,,,7316,,,,,,,,,,,,,,,,,,,,,,,,
,,,,,,GLASGOW (FORT),GLASGOW FORT RETAIL PARK,TM7242,SCO,,,,Unit 20,Glasgow Fort Retail Park,Garthamlock Road,Easterhouse,Glasgow,Scotland,G33 5AL,0,TS0726,TS0726,587,587,,,,,,,3900,,,,,,,,,,,,,,,,,,,,,,,,
,,,,,,BOURNEMOUTH(CASTLEPOINT),CASTLEPOINT,TM7243,ENG,,,,,"Unit N1, Castle Point Shopping Centre",Castle Lane West,Bournemouth,Bournemouth,England,BH8 9UY,0,TS0727,TS0727,578,578,,,,,,,2697,,,,,,,,,,,,,,,,,,,,,,,,
,,,,,,CARMARTHEN,CARMARTHEN,TM7246,WAL,,,,Topshop,Unit 3-4 Catherines Walk,,Carmarthen,Carmarthenshire,Wales,SA31 1GA,,TS1053,TS1053,924,924,,,,,,,2116,,,,,,,,,,,,,,,,,,,,,,,,
,,,,,,BLACKPOOL,BLACKPOOL VICTORIA ST,TM7252,ENG,,,,,18-22 Victoria Street,,Blackpool,Blackpool,England,FY1 4RW,,TS0157,TS0157,1296,1296,,,,,,,1650,,,,,,,,,,,,,,,,,,,,,,,,
,,,,,,SWANSEA,SWANSEA,TM7254,WAL,,,,,6-7 Oxford Street,,Swansea,Swansea,Wales,SA1 3AE,,TS0158,TS0158,1310,1310,,,,,,,3787,,,,,,,,,,,,,,,,,,,,,,,,
,,,,,,LIVERPOOL,LIVERPOOL,TM7256,ENG,,,,,22/36 Church Street,,Liverpool,Merseyside,England,L1 3AY,,TS0004,TS0004,1479,1479,,,,,,,8400,,,,,,,,,,,,,,,,,,,,,,,,
,,,,,,ASHTON UNDER LYNE,ASHTON UNDER LYNE,TM7262,ENG,,,,c/o Topshop,51 Warrington Street,,Ashton Under Lyne,Greater Manchester,England,OL6 7JG,,TS0191,TS0191,1540,1540,,,,,,,1500,,,,,,,,,,,,,,,,,,,,,,,,
,,,,,,NORTHAMPTON,NORTHAMPTON,TM7269,ENG,,,,,5 Wood Street,Grosvenor Centre,Northampton,Northamptonshire,England,NN1 2ED,,TS0163,TS0163,1335,1335,,,,,,,2539,,,,,,,,,,,,,,,,,,,,,,,,
,,,,,,HALIFAX,HALIFAX,TM7273,ENG,,,,c/o Top Shop,Unit 22 Woolshops,,Halifax,West Yorkshire,England,HX1 1RU,,TS0731,TS0731,607,607,,,,,,,1200,,,,,,,,,,,,,,,,,,,,,,,,
,,,,,,BALLYMENA,BALLYMENA,TM7275,NI,,,,c/o Topshop,"Unit 52-53, Fairhill Shopping Centre",Fairhill Lane,Ballymena,Co Ballymena,Northern Ireland,BT43 6UF,0,TS0732,TS0732,601,601,,,,,,,1533,,,,,,,,,,,,,,,,,,,,,,,,
,,,,,,CARLISLE,CARLISLE,TM7276,ENG,,,,,18/24 English Street,,Carlisle,Cumbria,England,CA3 8HX,,TS0175,TS0175,1355,1355,,,,,,,2100,,,,,,,,,,,,,,,,,,,,,,,,
,,,,,,BOURNEMOUTH,BOURNEMOUTH,TM7278,ENG,,,,c/o Top Shop,Unit 2,Criterian Arcade,Bournemouth,Bournemouth,England,BH1 1BU,,TS0734,TS0734,608,608,,,,,,,3015,,,,,,,,,,,,,,,,,,,,,,,,
,,,,,,PETERBOROUGH,PETERBOROUGH,TM7279,ENG,,,,,21/23 Queensgate,,Peterborough,Peterborough,England,PE1 1NH,,TS0176,TS0176,1395,1395,,,,,,,2500,,,,,,,,,,,,,,,,,,,,,,,,
,,,,,,SHEFFIELD,SHEFFIELD FARGATE,TM7280,ENG,,,,,33/35 Fargate,,Sheffield,South Yorkshire,England,S1 2HE,,TS0177,TS0177,1385,1385,,,,,,,2502,,,,,,,,,,,,,,,,,,,,,,,,
,,,,,,EDINBURGH,EDINBURGH PRINCES ST,TM7281,SCO,,,,,30/31 Princes Street,,Edinburgh,City Of Edinburgh,Scotland,EH2 2BY,,TS0178,TS0178,1370,1370,,,,,,,5203,,,,,,,,,,,,,,,,,,,,,,,,
,,,,,,MANCHESTER,MANCHESTER (ARNDALE),TM7299,ENG,,,,c/o Top Shop,Msu3 Northern Ext,Arndale Centre,Manchester,Greater Manchester,England,M4 3AQ,,TS0743,TS0743,692,692,,,,,,,9800,,,,,,,,,,,,,,,,,,,,,,,,
,,,,,,TELFORD,TELFORD,TM7305,ENG,,,,,115 The Border,The Mall,Telford,Shropshire,England,TF3 4AE,,TS0197,TS0197,1524,1524,,,,,,,2144,,,,,,,,,,,,,,,,,,,,,,,,
,,,,,,NEWPORT (IOW),NEWPORT IOW,TM7323,ENG,,,,,20 St James Square,,Newport,Isle Of Wight,England,PO30 1UX,,TS0030,TS0030,2120,2120,,,,,,,1680,,,,,,,,,,,,,,,,,,,,,,,,
,,,,,,YEOVIL,YEOVIL,TM7327,ENG,,,,,Unit 3,5 Vicarage Walk,Yeovil,Somerset,England,BA20 1EU,,TS0116,TS0116,1678,1678,,,,,,,2045,,,,,,,,,,,,,,,,,,,,,,,,
,,,,,,LONDON (OXFORD CIRCUS),OXFORD CIRCUS,TM7329,ENG,,,,,214 Oxford Street,Oxford Circus,West End,Greater London,England,W1W 8LG,,TS0001,TS0001,8512,8512,,,,,,,25919,,,,,,,,,,,,,,,,,,,,,,,,
,,,,,,CREWE,CREWE,TM7331,ENG,,,,,Unit 2,Queensway,Crewe,Cheshire,England,CW1 2HH,,TS0127,TS0127,1704,1704,,,,,,,1675,,,,,,,,,,,,,,,,,,,,,,,,
,,,,,,EASTBOURNE,EASTBOURNE,TM7333,ENG,,,,,Unit 6,The Beacon Shopping Centre,Eastbourne,East Sussex,England,BN21 3NW,,TS0141,TS0141,1705,1705,,,,,,,2400,,,,,,,,,,,,,,,,,,,,,,,,
,,,,,,CHESTER,CHESTER,TM7345,ENG,,,,,12/14 St Michael's Square,Grosvenor Precinct,Chester,Cheshire,England,CH1 1EE,,TM7345,TS0324,1748,1748,,,,,,,2800,,,,,,,,,,,,,,,,,,,,,,,,
,,,,,,DONCASTER,DONCASTER,TM7353,ENG,,,,c/o Top Shop,24 Upper West Mall,Frenchgate Centre,Doncaster,South Yorkshire,England,DN1 1LF,,TS0744,TS0744,639,639,,,,,,,3490,,,,,,,,,,,,,,,,,,,,,,,,
,,,,,,MAIDSTONE,MAIDSTONE FREMLINS CNTR,TM7354,ENG,,,,c/o Top Shop,19/21 Fremlin Walk,,Maidstone,Kent,England,ME14 1QG,,TS0745,TS0745,627,627,,,,,,,2500,,,,,,,,,,,,,,,,,,,,,,,,
,,,,,,HARLOW,HARLOW WATER GARDENS,TM7355,ENG,,,,c/o Top Shop,"Unit 6, Water Gardens Shopping Centre",3rd Avenue,Harlow,Essex,England,CM20 1AN,,TS0746,TS0746,630,630,,,,,,,2500,,,,,,,,,,,,,,,,,,,,,,,,
,,,,,,NOTTINGHAM,NOTTINGHAM (VICTORIA),TM7356,ENG,,,,c/o Top Shop,136 Victoria Centre,,Nottingham,Nottingham,England,NG1 3QD,,TS0747,TS0747,635,635,,,,,,,2939,,,,,,,,,,,,,,,,,,,,,,,,
,,,,,,CANTERBURY,CANTERBURY WHITEFRIARS,TM7357,ENG,,,,c/o Top Shop,1-3 Whitefriars Street,,Canterbury,Kent,England,CT1 2TA,,TS0748,TS0748,637,637,,,,,,,3000,,,,,,,,,,,,,,,,,,,,,,,,
,,,,,,EXETER,EXETER PRINCESSHAY,TM7358,ENG,,,,c/o Top Shop,Exeter Princesshay,11 Eastgate,Exeter,Devon,England,EX1 1GB,,TS0749,TS0749,641,641,,,,,,,3055,,,,,,,,,,,,,,,,,,,,,,,,
,,,,,,CRAIGAVON,CRAIGAVON,TM7359,NI,,,,c/o Top Shop,"Unit C, Rushmere Shopping Centre",Central Way,Craigavon,Co Armagh,Northern Ireland,BT64 1AA,0,TS0750,TS0750,628,628,,,,,,,1740,,,,,,,,,,,,,,,,,,,,,,,,
,,,,,,WAKEFIELD,WAKEFIELD,TM7361,ENG,,,,,Unit G11 & G12,Trinity Walk,Wakefield,West Yorkshire,England,WF1 1QR,,TS0893,TS0893,939,939,,,,,,,3000,,,,,,,,,,,,,,,,,,,,,,,,
,,,,,,NUNEATON,NUNEATON,TM7365,ENG,,,,c/o Top Shop,Ropewalk,Chapel Street,Nuneaton,Warwickshire,England,CV11 5QH,,TS0758,TS0758,680,680,,,,,,,2000,,,,,,,,,,,,,,,,,,,,,,,,
,,,,,,WIGAN,WIGAN,TM7366,ENG,,,,c/o Top Shop,Unit 1,19 Grand Arcade,Wigan,Greater Manchester,England,WN1 1BH,,TS0759,TS0759,720,720,,,,,,,2555,,,,,,,,,,,,,,,,,,,,,,,,
,,,,,,WARRINGTON,WARRINGTON,TM7369,ENG,,,,c/o Top Shop,Unit Su3,Golden Square,Warrington,Warrington,England,WA1 1QB,,TS0763,TS0763,739,739,,,,,,,2500,,,,,,,,,,,,,,,,,,,,,,,,
,,,,,,DERBY,DERBY,TM7370,ENG,,,,c/o Top Shop,Su208/307,"North Mall, Westfield Centre",Derby,Derby City,England,DE1 2PQ,,TS0765,TS0765,741,741,,,,,,,4600,,,,,,,,,,,,,,,,,,,,,,,,
,,,,,,ENFIELD,ENFIELD,TM7378,ENG,,,,,12 Palace Exchange,Hutton Walk,Enfield,Greater London,England,EN2 6BS,,TS0768,TS0768,717,717,,,,,,,2500,,,,,,,,,,,,,,,,,,,,,,,,
,,,,,,DUNDEE,DUNDEE,TM7380,SCO,,,,,U12 -14 Overgate,Overgate Centre,Dundee,Dundee City,Scotland,DD1 1UE,,TS1036,TS1036,927,927,,,,,,,3800,,,,,,,,,,,,,,,,,,,,,,,,
,,,,,,GATESHEAD (METRO),GATESHEAD METRO CENTRE,TM7390,ENG,,,,,Unit 57 Cameron Walk,The Metro Centre,Gateshead,Tyne and Wear,England,NE11 9YR,0,TS0005,TS0005,1813,1813,,,,,,,5400,,,,,,,,,,,,,,,,,,,,,,,,
,,,,,,HIGH WYCOMBE,HIGH WYCOMBE,TM7392,ENG,,,,,Unit 43,35 Newland Street,High Wycombe,High Wycombe,England,HP11 2BY,,TS0769,TS0769,738,738,,,,,,,2500,,,,,,,,,,,,,,,,,,,,,,,,
,,,,,,LIVINGSTON,LIVINGSTON,TM7394,SCO,,,,,313/314 Almondvale South,Almondvale South,Livingston,West Lothian,Scotland,EH54 6GS,,TS0518,TS0518,901,901,,,,,,,2175,,,,,,,,,,,,,,,,,,,,,,,,
,,,,,,BURY ST EDMUNDS,BURY ST EDMUNDS,TM7400,ENG,,,,Topman,Unit 1/2,Auction Street,Bury St Edmunds,Suffolk,England,IP3 33FA,,TS0526,TS0526,718,718,,,,,,,2331,,,,,,,,,,,,,,,,,,,,,,,,
,,,,,,IPSWICH,IPSWICH,TM7401,ENG,,,,,Unit 28,Tower Ramparts,Ipswich,Suffolk,England,IP1 3DH,,TS0042,TS0042,1868,1868,,,,,,,3175,,,,,,,,,,,,,,,,,,,,,,,,
,,,,,,COLERAINE,COLERAINE,TM7407,NI,,,,,Unit,30/32 Church Lane,Coleraine,Co Coleraine,Northern Ireland,BT52 1AG,,TS0053,TS0053,1885,1885,,,,,,,1600,,,,,,,,,,,,,,,,,,,,,,,,
,,,,,,NEWBURY,NEWBURY,TM7420,ENG,,,,,Unit 8/9 Parkway,,Newbury,Berkshire,England,RG14 1EE,,TS1089,TS1089,953,953,,,,,,,2000,,,,,,,,,,,,,,,,,,,,,,,,
,,,,,,STRATFORD (WESTFIELD),STRATFORD WESTFIELD,TM7428,ENG,,,,,"Su 2016, 223-224 The Arcade",Westfield Stratford City,Stratford,Greater London,England,E20 1EQ,,TS1090,TS1090,964,964,,,,,,,8179,,,,,,,,,,,,,,,,,,,,,,,,
,,,,,,Z EIRE DUBLIN,DUBLIN (GRAFTON ST),TM7439,EIR,,,,,41 Grafton Street,,Dublin,Co Dublin,Eire,,,TM7439,TM7439,5028,5028,,,,,,,3300,,,,,,,,,,,,,,,,,,,,,,,,
,,,,,,HULL,HULL ST STEPHENS CENTRE,TM7445,ENG,,,,,St Stephens Centre,,Hull,City Of Kingston Upon Hull,England,HU2 8LN,,TS0857,TS0857,787,787,,,,,,,5198,,,,,,,,,,,,,,,,,,,,,,,,
,,,,,,BRADFORD,BRADFORD BROADWAY,TM7479,ENG,,,,c/o Topshop,Unit Msuo3,Broadway Centre,Bradford,West Yorkshire,England,BD11US,,TS0753,BR0148,1020,1020,,,,,,,2490,,,,,,,,,,,,,,,,,,,,,,,,
,,,,,,ABERDEEN,ABERDEEN (BON ACCORD),TM7484,SCO,,,,c/o Topshop,"Unit 19a, Bon Accord Centre",George Street,Aberdeen,Aberdeen City,Scotland,AB25 1HZ,,TS0535,TS0535,904,904,,,,,,,4156,,,,,,,,,,,,,,,,,,,,,,,,
,,,,,,DURHAM,DURHAM,TM7485,ENG,,,,,18 Silver Street,,Durham,Durham,England,DH1 3RB,,TS0654,TS0654,4761,4761,,,,,,,1926,,,,,,,,,,,,,,,,,,,,,,,,
,,,,,,CARDIFF,CARDIFF,TM7491,WAL,,,,,Unit 1 Andrews Buildings,Queen Street,South Glamorgan,Cardiff,Wales,CF10 2AS,,TS0864,TS0864,699,699,,,,,,,6862,,,,,,,,,,,,,,,,,,,,,,,,
,,,,,,SCUNTHORPE,SCUNTHORPE,TM7493,ENG,,,,,85/87 High Street,,Scunthorpe,North Lincolnshire,England,DN15 6LY,,TS0057,TS0057,2180,2180,,,,,,,1819,,,,,,,,,,,,,,,,,,,,,,,,
,,,,,,HANLEY,HANLEY,TM7497,ENG,,,,c/o Top Shop,Unit Msu 4-5,The Potteries Shopping Centre,Hanley,Stoke-on-Trent,England,ST1 1PS,0,TS0147,TS0147,1861,1861,,,,,,,3700,,,,,,,,,,,,,,,,,,,,,,,,
,,,,,,BELFAST,BELFAST VICTORIA SQUARE,TM7513,NI,,,,c/o Topshop,Msu2 Victoria Square,,Belfast,Belfast City,Northern Ireland,BT1 4QG,,TS0870,TS0870,806,806,,,,,,,6506,,,,,,,,,,,,,,,,,,,,,,,,
,,,,,,TRURO,TRURO,TM7526,ENG,,,,,9/10 King Street,,Truro,Cornwall,England,TR1 2RQ,,TS0170,TS0170,2179,2179,,,,,,,2632,,,,,,,,,,,,,,,,,,,,,,,,
,,,,,,GLASGOW,GLASGOW (ARGYLE ST),TM7541,SCO,,,,,Unit 7/8,Argyle Street,Glasgow,Glasgow City,Scotland,G2 8BJ,,TS0071,TS0071,2167,2167,,,,,,,4875,,,,,,,,,,,,,,,,,,,,,,,,
,,,,,,RICHMOND,RICHMOND,TM7561,ENG,,,,c/o Top Shop,53/54 George Street,,Richmond Upon Thames,Greater London,England,TW9 1HJ,,TS0014,TS0014,640,640,,,,,,,1750,,,,,,,,,,,,,,,,,,,,,,,,
,,,,,,Z USA CHICAGO,CHICAGO,TM7572,US,,,,Topman,830 North Michigan Avenue,,Chicago,Illinois,United States Of America,60611,,TS1206,TS1206,2999,2999,,,,,,,8100,,,,,,,,,,,,,,,,,,,,,,,,
,,,,,,LONDON (CITY),CHEAPSIDE,TM7580,ENG,,,,,Unit Msu1,1 New Change,City Of London,Greater London,England,EC2V 6AH,,TS0873,TS0873,820,820,,,,,,,4000,,,,,,,,,,,,,,,,,,,,,,,,
,,,,,,LONDON (WHITE CITY),WHITE CITY,TM7588,ENG,,,,c/o Topshop,3037-3042,Westfield,White City,Greater London,England,W12 7GE,,TS0874,TS0874,798,798,,,,,,,6941,,,,,,,,,,,,,,,,,,,,,,,,
,,,,,,CAMBERLEY,CAMBERLEY,TM7589,ENG,,,,c/o Topshop,3/5 Cambridge Walk,,Camberley,Surrey,England,GU15 3SW,,TS0875,TS0875,7192,7192,,,,,,,1300,,,,,,,,,,,,,,,,,,,,,,,,
,,,,,,PLYMOUTH,PLYMOUTH,TM7598,ENG,,,,,Unit 43/44 Drakes Circus,1 Charter Street,Plymouth,Devon,England,PL1 1EA,,TS0879,TS0879,799,799,,,,,,,4000,,,,,,,,,,,,,,,,,,,,,,,,
,,,,,,CAMBRIDGE,CAMBRIDGE,TM7609,ENG,,,,Grand Arcade Shopping Centre,Unit Su 15 & 42,Grand Arcade Shopping Centre,22 St Andrews Street,Cambridgeshire,England,CB2 3AX,,TS0880,TS0880,802,802,,,,,,,5000,,,,,,,,,,,,,,,,,,,,,,,,
,,,,,,GLASGOW (SILVERBURN),GLASGOW SILVERBURN,TM7612,SCO,,,,Unit M1,Silverburn Shopping Centre,763 Barrhead Road,Pollok,Glasgow,Scotland,G53 6AG,,TS0885,TS0885,807,807,,,,,,,3234,,,,,,,,,,,,,,,,,,,,,,,,
,,,,,,BARROW,BARROW IN FURNESS,TM7617,ENG,,,,c/o Topshop,10 Portland Walk,,Barrow In Furness,Cumbria,England,LA14 1DB,,TS0132,TS0132,1449,1449,,,,,,,1772,,,,,,,,,,,,,,,,,,,,,,,,
,,,,,,Z EIRE BLANCHARDSTOWN,BLANCHARDSTOWN,TM7654,EIR,,,,Topman,Unit 219,,Blanchardstown,Co Dublin,Eire,,,TS0451,TS0451,22,22,,,,,,,3400,,,,,,,,,,,,,,,,,,,,,,,,
,,,,,,STAINES,STAINES,TM7655,ENG,,,,c/o Top Shop,15/16 South Mall,Elmsleigh Shopping Centre,Staines,Surrey,England,TW18 4QT,,TS1214,TS1214,967,967,,,,,,,1900,,,,,,,,,,,,,,,,,,,,,,,,
,,,,,,NEWCASTLE UPON TYNE,NEWCASTLE ELDON SQUARE,TM7664,ENG,,,,Topshop,3-7 St. Andrews Way,Eldon Square Shopping Centre,Newcastle,Tyne And Wear,England,NE1 7XD,,TS0891,TS0891,870,870,,,,,,,7454,,,,,,,,,,,,,,,,,,,,,,,,
,,,,,,HORSHAM,HORSHAM,TM7703,ENG,,,,,54 West Street,,Horsham,West Sussex,England,RH12 1PL,,TS0659,TS0659,4788,4788,,,,,,,1200,,,,,,,,,,,,,,,,,,,,,,,,
,,,,,,THURROCK (LAKESIDE),LAKESIDE,TM7709,ENG,,,,,334/336 Lakeside Shopping Centre,,West Thurrock,Thurrock,England,RM20 2ZH,,TS1232,TS1232,957,957,,,,,,,7160,,,,,,,,,,,,,,,,,,,,,,,,
,,,,,,Z USA LAS VEGAS,LAS VEGAS,TM7719,US,,,,Topshop Fashion Show Mall,3200 Las Vegas Boulevard South, ,Las Vegas,Nevada,United States Of America,89109,,TS1239,TS1239,2998,2998,,,,,,,5000,,,,,,,,,,,,,,,,,,,,,,,,
,,,,,,BRIGHTON,BRIGHTON,TM7726,ENG,,,,c/o Top Shop,Unit Msu 7,Churchill Square Shopping Centre,Brighton,Brighton And Hove,England,BN1 2TE,,TS1248,TM7726,994,994,,,,,,,7571,,,,,,,,,,,,,,,,,,,,,,,,
,,,,,,Z EIRE CORK,CORK,TM7736,EIR,,,,14 Academy Street,,,Cork,Co Cork,Eire,,0,TS0788,TS0788,793,793,,,,,,,5324,,,,,,,,,,,,,,,,,,,,,,,,
,,,,,,BATH,BATH,TM7737,ENG,,,,c/o Topshop,Unit 10/11,Southgate Shopping Centre,Bath,Somerset,England,BA1 1PQ,,TS0932,TS0932,839,839,,,,,,,4530,,,,,,,,,,,,,,,,,,,,,,,,
,,,,,,ANDOVER,ANDOVER,TM7738,ENG,,,,c/o Topshop,42/44 High Street,,Andover,Hampshire,England,SP10 1NF,,TS0646,TS0646,4702,4702,,,,,,,1700,,,,,,,,,,,,,,,,,,,,,,,,
,,,,,,LEICESTER,LEICESTER,TM7740,ENG,,,,,Units 87/88 & 108/109,Highcross Shopping Centre,Leicester,Leicester City,England,LE1 4FQ,,TS0931,TS0931,838,838,,,,,,,3265,,,,,,,,,,,,,,,,,,,,,,,,
,,,,,,SHEFFIELD (MEADOWHALL),MEADOWHALL,TM7741,ENG,,,,,9-15 Park Lane,Meadowhall Centre,Sheffield,South Yorkshire,England,S9 1EL,,TS0933,TS0933,853,853,,,,,,,7004,,,,,,,,,,,,,,,,,,,,,,,,
,,,,,,STEVENAGE,STEVENAGE,TM7751,ENG,,,,,66/68 Queensway,,Stevenage,Hertfordshire,England,SG1 1EG,,TS0672,TS0672,4871,4871,,,,,,,1361,,,,,,,,,,,,,,,,,,,,,,,,
,,,,,,TAUNTON,TAUNTON,TM7752,ENG,,,,,54 North Street,,Taunton,Somerset,England,TA1 1LX,,TS0675,TS0675,4877,4877,,,,,,,2088,,,,,,,,,,,,,,,,,,,,,,,,
,,,,,,ST ALBANS,ST ALBANS,TM7758,ENG,,,,,Unit 15,The Maltings Centre,St Albans,Hertfordshire,England,AL1 3HL,,TS0062,TS0062,1602,1602,,,,,,,1873,,,,,,,,,,,,,,,,,,,,,,,,
,,,,,,BRISTOL,BRISTOL CABOT CIRCUS,TM7760,ENG,,,,Topman,Lower Ground Su25,Brigstowe Street,Bristol,Bristol,England,BS1 3BH,,TS0961,TS0961,724,724,,,,,,,5247,,,,,,,,,,,,,,,,,,,,,,,,
,,,,,,SWINDON,SWINDON,TM7761,ENG,,,,,Su1,The Parade,Swindon,Wiltshire,England,SN1 1BL,,TS0962,TS0962,897,897,,,,,,,2600,,,,,,,,,,,,,,,,,,,,,,,,
,,,,,,MIDDLESBROUGH,MIDDLESBROUGH,TM7778,ENG,,,,,92 Linthorpe Road,22 Centre Mall,Middlesbrough,Middlesbrough,England,TS1 2JZ,,TS0785,TS0785,750,750,,,,,,,3025,,,,,,,,,,,,,,,,,,,,,,,,
,,,,,,SHOREDITCH,SHOREDITCH,TM7782,ENG,,,,,98 Commercial Street,,Shoreditch,London,England,E1 6LZ,,TM7782,TM7782,968,968,,,,,,,1150,,,,,,,,,,,,,,,,,,,,,,,,
,,,,,,MANCHESTER (TRAFFORD C),TRAFFORD CENTRE,TM7788,ENG,,,,,130-134 Regent Crescent,The Trafford Centre,Manchester,Greater Manchester,England,M17 8AF,,TS1012,TS1012,1056,1056,,,,,,,12835,,,,,,,,,,,,,,,,,,,,,,,,
,,,,,,GLASGOW (BRAEHEAD PARK),BRAEHEAD PARK,TM7813,SCO,,,,,Unit Lr22 Braehead Shopping Centre,"Kingsinch Road, Braehead",Glasgow,Glasgow City,Scotland,G51 4BS,,TS0058,TS0058,309,309,,,,,,,2700,,,,,,,,,,,,,,,,,,,,,,,,
,,,,,,DARLINGTON,DARLINGTON,TM7815,ENG,,,,,28-34 Northgate,,Darlington,Darlington,England,DL1 1NR,,TM7815,TM7815,1660,1660,,,,,,,2478,,,,,,,,,,,,,,,,,,,,,,,,
,,,,,,BURTON ON TRENT,BURTON ON TRENT,TM7818,ENG,,,,,2/4 Swan Walk,,Burton On Trent,Staffordshire,England,DE14 1DD,,TS0653,TS0653,4733,4733,,,,,,,1434,,,,,,,,,,,,,,,,,,,,,,,,
,,,,,,BROMLEY,BROMLEY,TM7844,ENG,,,,,145 High St,,Bromley,Greater London,England,BR1 1JD,,TS0784,TS0784,747,747,,,,,,,5116,,,,,,,,,,,,,,,,,,,,,,,,
,,,,,,BEDFORD,BEDFORD,TM7857,ENG,,,,,"21/25 Harpur Centre, Midland Road",Brickhill,Bedford,Bedfordshire,England,MK40 1PL,,TS0554,TS0554,7174,7174,,,,,,,1685,,,,,,,,,,,,,,,,,,,,,,,,
,,,,,,TUNBRIDGE WELLS,TUNBRIDGE WELLS,TM7868,ENG,,,,c/o Topshop,13-17 Calverley Road,,Tunbridge Wells,Kent,England,TN1 2TB,,TS1040,TS1040,916,916,,,,,,,2905,,,,,,,,,,,,,,,,,,,,,,,,
,,,,,,BARNSLEY,BARNSLEY,TM7869,ENG,,,,c/o Topshop,20/22 Cheapside,,Barnsley,South Yorkshire,England,S70 1RR,,TS0647,TS0647,4708,4708,,,,,,,2181,,,,,,,,,,,,,,,,,,,,,,,,
,,,,,,DOUGLAS (IOM),DOUGLAS IOM,TM7872,IOM,,,,,32/36 Strand Centre,,Douglas,Isle Of Man,Isle Of Man,IM1 2ER,,TS1041,TM7872,976,976,,,,,,,2205,,,,,,,,,,,,,,,,,,,,,,,,
,,,,,,CHELMSFORD,CHELMSFORD,TM7877,ENG,,,,c/o Top Shop,1 High Chelmer,,Chelmsford,Essex,England,CM1 1XG,,TS0328,TS0328,5020,5020,,,,,,,2843,,,,,,,,,,,,,,,,,,,,,,,,
,,,,,,BLACKBURN,BLACKBURN,TM7937,ENG,,,,c/o Topshop,14/16 Spring Hill,,Blackburn,Blackburn,England,BB1 7JB,,TS0648,TS0648,4721,4721,,,,,,,2500,,,,,,,,,,,,,,,,,,,,,,,,
,,,,,,YORK,YORK COPPERGATE,TM7938,ENG,,,,c/o Top Shop,3 St Mary's Square,Coppergate,York,North Yorkshire,England,YO1 9NY,,TS0772,TS0772,708,708,,,,,,,5000,,,,,,,,,,,,,,,,,,,,,,,,
,,,,,,KINGSTON,KINGSTON UPON THAMES,TM7939,ENG,,,,,40 Clarence Street,,Kingston,Greater London,England,KT1 1NR,,TM7939,TM7939,7017,7017,,,,,,,2097,,,,,,,,,,,,,,,,,,,,,,,,
,,,,,,BASILDON,BASILDON,TM7944,ENG,,,,c/o Topshop,24/25 Eastgate Centre,,Basildon,Essex,England,SS14 1AE,,TS1049,TS1049,946,946,,,,,,,2500,,,,,,,,,,,,,,,,,,,,,,,,
,,,,,,STOCKPORT,STOCKPORT,TM7945,ENG,,,,c/o Top Shop,37 Merseyway,,Stockport,Greater Manchester,England,SK1 1PW,,TS0160,TS0160,0937 4872,0937 4872,,,,,,,2400,,,,,,,,,,,,,,,,,,,,,,,,
,,,,,,FAREHAM,FAREHAM,TM7946,ENG,,,,c/o Topshop,"Unit 21, 13 Westbury Mall",,Fareham,Hampshire,England,PO16 0PE,,TS0656,TS0656,4771,4771,,,,,,,1800,,,,,,,,,,,,,,,,,,,,,,,,
,,,,,,GLOUCESTER,GLOUCESTER,TM7948,ENG,,,,c/o Top Shop,8-8a Eastgate Street,,Gloucester,Gloucestershire,England,GL1 1PA,,TS0773,TS0773,712,712,,,,,,,2800,,,,,,,,,,,,,,,,,,,,,,,,
,,,,,,MANSFIELD,MANSFIELD,TM7963,ENG,,,,c/o Burton,Four Season Centre,Unit 27 South Mall,Mansfield,Nottinghamshire,England,NG18 1SU,,TS0069,TS0069,1841,1841,,,,,,,1737,,,,,,,,,,,,,,,,,,,,,,,,
,,,,,,Z USA LOS ANGELES,LOS ANGELES,TM8104,US,,,,,189 The Grove Drive,,Los Angeles,California,United States Of America,90036,,TS1271,TS1271,2997,2997,,,,,,,6300,,,,,,,,,,,,,,,,,,,,,,,,
,,,,,,LONDONDERRY,LONDONDERRY,TM8105,NI,,,,,Unit M6,Foyleside Centre,Londonderry,Derry City,Northern Ireland,BT48 6XY,,TS0185,TS0185,1817,1817,,,,,,,1721,,,,,,,,,,,,,,,,,,,,,,,,
,,,,,,LOUGHBOROUGH,LOUGHBOROUGH,TM8106,ENG,,,,,17 Carillion Court,,Loughborough,Leicestershire,England,LE11 3EA,,TS1273,TS1273,969,969,,,,,,,1800,,,,,,,,,,,,,,,,,,,,,,,,
,,,,,,MAIDENHEAD,MAIDENHEAD,TM8114,ENG,,,,,45-49 Nicholson Shopping Centre,,Maidenhead,Windsor And Maidenhead,England,SL6 1PY,,TS1274,TS1274,973,973,,,,,,,1680,,,,,,,,,,,,,,,,,,,,,,,,
,,,,,,GLASGOW,GLASGOW BUCHANAN ST,TM8134,SCO,,,,,The George Unit 1& 2,229-249 Buchanan Street,Glasgow,Glasgow City,Scotland,G1 2NG,,TM8134,TM8134,403,403,,,,,,,4000,,,,,,,,,,,,,,,,,,,,,,,,
,,,,,,LONDON (STRAND),STRAND,TM8137,ENG,,,,c/o Top Shop,60/64 The Strand,,Strand,Greater London,England,WC2N 5LR,,TS0032,TS0032,8515,8515,,,,,,,2075,,,,,,,,,,,,,,,,,,,,,,,,
,,,,,,EAST KILBRIDE,EAST KILBRIDE,TM8394,SCO,,,,c/o Topman,Unit Lr1/2,,Centre West Shopping Centre,East Kilbride,Scotland,G74 1LL,,TS1291,TS1291,980,980,,,,,,,2180,,,,,,,,,,,,,,,,,,,,,,,,
,,,,,,AYR,AYR,TM8412,SCO,,,,c/o Topshop,Unit 6,Ayr Central,Ayr,South Ayrshire,Scotland,KA7 1TN,,TS1312,TS1312,981,981,,,,,,,2000,,,,,,,,,,,,,,,,,,,,,,,,
,,,,,,WHITELEY,WHITELEY VILLAGE,TM8413,ENG,,,,Unit A6,Whiteley Way,Whiteley,Fareham,Hampshire,England,PO15 7PD,,TS1313,TM8413,988,988,,,,,,,2500,,,,,,,,,,,,,,,,,,,,,,,,
,,,,,,WOKING,WOKING,TM8420,ENG,,,,,Unit 46,The Peacocks Shopping Centre,Woking,Surrey,England,GU21 6GD,,TS1321,TM8420,989,989,,,,,,,1700,,,,,,,,,,,,,,,,,,,,,,,,
,,,,,,NEWPORT (WALES),NEWPORT WALES,TM8427,WAL,,,,Topshop,"Msu2, 33-35 Friars Walk Shopping Centre",John Frost Square,Newport,Newport,Wales,NP20 1DR,,TS1324,TM8427,983,983,,,,,,,2580,,,,,,,,,,,,,,,,,,,,,,,,
,,,,,,BRISTOL (CRIBBSCAUSEWAY),BRISTOL CRIBBS CAUSEWAY,TM8451,ENG,,,,,"Unit 49 Lower Level, The Mall","Rsc, Cribbs Causeway",Bristol,Bristol,England,BS34 5GG,,TS2806,TM8451,985,985,,,,,,,3000,,,,,,,,,,,,,,,,,,,,,,,,
,,,,,,HUDDERSFIELD,HUDDERSFIELD KINGSGATES,TM8475,ENG,,,,,Unit 26 Kingsgates Centre,King Street,Huddersfield,West Yorkshire,England,HD1 2QB,,TS2851,TM8475,995,995,,,,,,,2550,,,,,,,,,,,,,,,,,,,,,,,,
,,,,,,DARTFORD (BLUEWATERPARK),BLUEWATER PARK,TM8487,ENG,,,,Unit 27-58,Upper Rose Gallery,Bluewater Park,Greenhithe,Dartford,England,DA9 9SP,,TS1354,TM8487,992,992,,,,,,,6300,,,,,,,,,,,,,,,,,,,,,,,,
,,,,,,ROMFORD,ROMFORD,TM8488,ENG,,,,,Unit 1/3,The Liberty,Romford,Greater London,England,RM1 3RL,,TS0319,TM8488,5067,5067,,,,,,,2310,,,,,,,,,,,,,,,,,,,,,,,,
,,,,,,CHELTENHAM,CHELTENHAM REGENT ARCADE,TM8494,ENG,,,,,"Unit Msu 3, Regent High Street Shopping Center",High Street,Cheltenham,Gloucestershire,England,GL50 1JZ,,TS2852,TM8494,1007,1007,,,,,,,2944,,,,,,,,,,,,,,,,,,,,,,,,
,,,,,,NEWRY,NEWRY,TM8503,NI,,,,,Unit 9a The Quays Shopping Centre,,Newry,County Down,Northern Ireland,BT35 8QS,,TS2834,TM8503,1015,1015,,,,,,,2000,,,,,,,,,,,,,,,,,,,,,,,,
,,,,,,OXFORD,OXFORD,TM8571,ENG,,,,c/o Ts,22 Queen Street,,Oxford,Oxfordshire,England,OX1 1EP,,TS2879,TS2879,1061,1061,,,,,,,4830,,,,,,,,,,,,,,,,,,,,,,,,
,,,,,,DUDLEY (MERRY HILL),DUDLEY MERRY HILL,TM8572,ENG,,,,c/o Topshop,"Unit U82, The Merry Hill Centre",Brierley Hill,Dudley,West Midlands,England,DY5 1SN,,TS2881,TS2881,1024,1024,,,,,,,3340,,,,,,,,,,,,,,,,,,,,,,,,
,,,,,,SUTTON COLDFIELD,SUTTON COLDFIELD,TM8573,ENG,,,,c/o Ts,204 The Parade,Gracechurch Centre,Sutton Coldfield,West Midlands,England,B72 1PB,,TS2880,TS2880,1021,1021,,,,,,,2000,,,,,,,,,,,,,,,,,,,,,,,,
,,,,,,WATFORD,WATFORD,TM8577,ENG,,,,,Unit 123,Harlequin Shopping Centre,Watford,Hertfordshire,England,WD17 2TH,,TS2884,,1243,1243,,,,,,,2798,,,,,,,,,,,,,,,,,,,,,,,,
,,,,,,Z HOLLAND AMSTERDAM R,KALVERSTRAAT,TM8580,NL,,,,,Unit 48/52,Kalverstraat,Amsterdam,,Netherlands,1012PE,,TS2892,,3500,3500,,,,,,,2417,,,,,,,,,,,,,,,,,,,,,,,,
,,,,,,Z USA ATLANTA,ATLANTA,TM8582,US,,,,,Unit 2012a,Lenox Square Shopping Mall,Atlanta,,United States Of America,30326,,TS2895,,2990,2990,,,,,,,4000,,,,,,,,,,,,,,,,,,,,,,,,
,,,,,,Z USA SAN DIEGO,SAN DIEGO,TM8583,US,,,,,Unit 211b,Fashion Valley Shopping Mall,,,United States Of America,92108,,TS2896,TM8583,2992,2992,,,,,,,5110,,,,,,,,,,,,,,,,,,,,,,,,
,,,,,,Z USA HOUSTON,HOUSTON,TM8584,US,,,,,Unit B3872/b2881,The Galleria Shopping Mall,5085 Westheimer Road,Houston,United States Of America,77056,,TS2897,,2991,2991,,,,,,,6000,,,,,,,,,,,,,,,,,,,,,,,,
,,,,,,Z USA SPRINGFIELD,WASHINGTON DC (SPRINGFIELD),TM8585,US,,,,,Unit 6501,Springfield Mall,,Virginia,United States Of America,22150,,TS2898,TM8585,2994,2994,,,,,,,1000,,,,,,,,,,,,,,,,,,,,,,,,
,,,,,,Z USA NEW YORK,NEW YORK (FIFTH AVENUE),TM8586,US,,,,Topman,608 Fifth Avenue,,,New York,United States Of America,NY10020,,TS6080,TM8586,2996,2996,,,,,,,9026,,,,,,,,,,,,,,,,,,,,,,,,
,,,,,,HEMEL HEMPSTEAD,HEMEL HEMPSTEAD,TM8616,ENG,,,,Topshop,Unit 6/7/8,Riverside,Hemel Hempstead,Hertfordshire,England,HP1 1BT,,TS2954,,1033,1033,,,,,,,2069,,,,,,,,,,,,,,,,,,,,,,,,
,,,,,,CANARY WHARF,CANARY WHARF,TM8634,ENG,,,,c/o Topshop,Unit 3 Canada Square,,Canary Wharf,Greater London,England,E14 5AB,,TS0309,,497,497,,,,,,,384,,,,,,,,,,,,,,,,,,,,,,,,
,,,,,,Z USA GLENDALE,GLENDALE,TM8649,US,,,,Topman,Unit D6,The Americana At Brand,863 Americana Way,California,United States Of America,CA 91210,,TS2980,TM8649,2989,2989,,,,,,,3000,,,,,,,,,,,,,,,,,,,,,,,,
,,,,,,Z USA MIAMI,MIAMI,TM8653,US,,,,Topshop,Aventura Mall,19575 Biscayne Boulevard,,Miami,United States Of America,33180,,TS2986,TS2986,2988,2988,,,,,,,5591,,,,,,,,,,,,,,,,,,,,,,,,
,,,,,,AYLESBURY,AYLESBURY,TM8665,ENG,,,,c/o Topshop,Friars Square Shopping Centre,,Aylesbury,Buckinghamshire,England,HP20 2QF,,TS1135,,984,984,,,,,,,900,,,,,,,,,,,,,,,,,,,,,,,,
,,,,,,Z GERMANY OBERHAUSEN R,CENTRO OBERHAUSEN,TM8667,DE,,,,c/o Topshop,Centroallee 118/119,,Centro Oberhausen,Oberhausen,Germany,46047,,TS3105,TS3105,3505,3505,,,,,,,3300,,,,,,,,,,,,,,,,,,,,,,,,
,,,,,,BOLTON,BOLTON,TM8668,ENG,,,,,Unit 20,Upper Mall,Market Place Shopping Centre,Bolton,England,BL1 2AL,,TS3044,TS3044,1066,1066,,,,,,,2000,,,,,,,,,,,,,,,,,,,,,,,,
,,,,,,BRACKNELL,BRACKNELL,TM8712,ENG,,,,,1 Braccan Walk,Msu4i And Msu 4ii,Northern Retail Quarter,Bracknell,England,RG12 1BE,,TS3112,TS3112,1019,1019,,,,,,,2000,,,,,,,,,,,,,,,,,,,,,,,,
,,,,,,Z GERMANY BERLIN R,BERLIN KAUFHOF,TM8721,DE,,,,c/o Topshop,Galeria Kaufhof,Alexanderplatz 9,10178 Berlin,City State Berlin,Germany,10178,,TS3129,,3508,3508,,,,,,,4187,,,,,,,,,,,,,,,,,,,,,,,,
,,,,,,Z EIRE DUBLIN,DUBLIN (JERVIS SHOPPING CNTRE),TM8731,EIR,,,,,Unit 1,Jervis Shopping Centre,Dublin,Co Dublin,Eire,D01 EO78,,TS3146,,1075,1075,,,,,,,6200,,,,,,,,,,,,,,,,,,,,,,,,
,,,,,,Z GERMANY MUNCHEN R,MUNICH KAUFHOF,TM8740,DE,,,,,Galeria Kaufhof Munchen,Marienplatz,Kaufingerstrasse 1-5,Munchen,Germany,80331,,TS3161,,3509,3509,,,,,,,4585,,,,,,,,,,,,,,,,,,,,,,,,
,,,,,,Z HOLLAND ROTTERDAM R,ROTTERDAM,TM8744,NL,,,,,Rotterdam,Hoogstraat 158,3011pm,Rotterdam,Netherlands,3011PM,,TS3178,,3510,3510,,,,,,,3000,,,,,,,,,,,,,,,,,,,,,,,,
,,,,,,LINCOLN,LINCOLN,TM8749,ENG,,,,,Unit Ru2,Waterside Shopping Centre,High St,Lincoln,England,LN2 1AP,,TS3180,,1040,1040,,,,,,,2780,,,,,,,,,,,,,,,,,,,,,,,,
,,,,,,LONDON (MARBLE ARCH),MARBLE ARCH,TM8757,ENG,,,,536-540,Oxford Street,Marylebone,West End,Greater London,England,W1C 1LS,,TS1319,,805,805,,,,,,,1200,,,,,,,,,,,,,,,,,,,,,,,,
,,,,,,Z AUSTRALIA SYDNEY R,GOWINGS,TM8761,AU,,,,,Gowings Building,45 Market Street,,Sydney,Australia,2000 NSW,,TS3194,,3403,3403,,,,,,,4027,,,,,,,,,,,,,,,,,,,,,,,,
,,,,,,Z AUSTRALIA SYDNEY R,BONDI JUNCTION,TM8762,AU,,,,,500 Oxford Street,Bondi Junction,,Sydney,Australia,NSW 2022,,TS3190,,3400,3400,,,,,,,4300,,,,,,,,,,,,,,,,,,,,,,,,
,,,,,,Z AUSTRALIA MELBOURNE R,EMPORIUM,TM8763,AU,,,,,Emporium Melbourne,295 Lonsdale Street,,Melbourne,Australia,VIC 3000,,TS3191,,3402,3402,,,,,,,6542,,,,,,,,,,,,,,,,,,,,,,,,
,,,,,,Z GERMANY DUSSELDORF R,DUSSELDORF KAUFHAUF,TM8777,DE,,,,Topshop/topman,Galeria Kaufhof,Konigsallee 1-9,40212 Dusseldorf,,Germany,40212,,TS3242,,,,,,,,,,4122,,,,,,,,,,,,,,,,,,,,,,,,
,,,,,,Z GERMANY COLOGNE R,COLOGNE KAUFHOF ,TM8803,DE,,,,c/o Topshop,Hohe Straße 41-53,50667 Köln (branch No.010),,Cologne,Germany,50667,,TS3274,,,,,,,,,,4062,,,,,,,,,,,,,,,,,,,,,,,,
,,,,,,Z GERMANY BONN R,BONN KAUFHOF,TM8804,DE,,,,c/o Topshop,Remigiusstraße 20-24,53111,,Bonn,Germany,53111,,TS3287,,,,,,,,,,2635,,,,,,,,,,,,,,,,,,,,,,,,
,,,,,,Z HOLLAND DEN HAAG R,DEN HAAG NEW,TM8862,NL,,,,c/o Topshop,Den Haag,,,Den Haag,Netherlands,2511BG,,TS3177,,,,,,,,,,1300,,,,,,,,,,,,,,,,,,,,,,,,
,,,,,,LONDON (OXFORD CIRCUS),OXFORD CIRCUS,TS0001,ENG,,,,,214 Oxford Street,Oxford Circus,West End,Greater London,England,W1W 8LG,,TS0001,TS0001,8512,8512,,,,,,,69207,,,,,,,,,,,,,,,,,,,,,,,,
,,,,,,BRENT CROSS,BRENT CROSS,TS0003,ENG,,,,,"Unit 72, Brent Cross Shopping Centre",Hendon Way,Brent Cross,Greater London,England,NW4 3FP,,TS0003,TS0003,780,780,,,,,,,11237,,,,,,,,,,,,,,,,,,,,,,,,
,,,,,,LIVERPOOL,LIVERPOOL,TS0004,ENG,,,,,22/36 Church Street,,Liverpool,Merseyside,England,L1 3AY,,TS0004,TS0004,1479,1479,,,,,,,20200,,,,,,,,,,,,,,,,,,,,,,,,
,,,,,,GATESHEAD (METRO),GATESHEAD METRO CENTRE,TS0005,ENG,,,,,Unit 57 Cameron Walk,The Metro Centre,Gateshead,Tyne And Wear,England,NE11 9YR,,TS0005,TS0005,1813,1813,,,,,,,10498,,,,,,,,,,,,,,,,,,,,,,,,
,,,,,,WOLVERHAMPTON,WOLVERHAMPTON,TS0009,ENG,,,,,12/13 Dudley Street,,Wolverhampton,West Midlands,England,WV1 3EY,0,TS0009,TS0009,928,928,,,,,,,2585,,,,,,,,,,,,,,,,,,,,,,,,
,,,,,,RICHMOND,RICHMOND,TS0014,ENG,,,,,53/54 George Street,,Richmond Upon Thames,Greater London,England,TW9 1HJ,,TS0014,TS0014,640,640,,,,,,,2465,,,,,,,,,,,,,,,,,,,,,,,,
,,,,,,COVENTRY,COVENTRY,TS0018,ENG,,,,,54/56 Broadgate,,Coventry,West Midlands,England,CV1 1NF,,TS0018,TS0018,13,13,,,,,,,4244,,,,,,,,,,,,,,,,,,,,,,,,
,,,,,,CRAWLEY,CRAWLEY,TS0025,ENG,,,,,Unit G,The Martletts,Crawley,West Sussex,England,RH10 1ER,,TS0025,TS0025,382,382,,,,,,,2725,,,,,,,,,,,,,,,,,,,,,,,,
,,,,,,WORTHING,WORTHING,TS0028,ENG,,,,,21/23 Montague St,,Worthing,West Sussex,England,BN11 3HA,,TS0028,TS0028,1502,1502,,,,,,,2395,,,,,,,,,,,,,,,,,,,,,,,,
,,,,,,NEWPORT (IOW),NEWPORT IOW,TS0030,ENG,,,,,20 St James Square,,Newport,Isle Of Wight,England,PO30 1UX,,TS0030,TS0030,2120,2120,,,,,,,1867,,,,,,,,,,,,,,,,,,,,,,,,
,,,,,,LONDON (STRAND),STRAND,TS0032,ENG,,,,,60/64 The Strand,,Strand,Greater London,England,WC2N 5LR,,TS0032,TS0032,8515,8515,,,,,,,3651,,,,,,,,,,,,,,,,,,,,,,,,
,,,,,,SUTTON,SUTTON,TS0035,ENG,,,,,137-145 High Street,,Sutton,Surrey,England,SM1 1JQ,,TS0035,TS0035,6023,6023,,,,,,,2455,,,,,,,,,,,,,,,,,,,,,,,,
,,,,,,IPSWICH,IPSWICH,TS0042,ENG,,,,,Unit 1,Tower Ramparts,Ipswich,Suffolk,England,IP1 3BB,,TS0042,TS0042,1868,1868,,,,,,,3100,,,,,,,,,,,,,,,,,,,,,,,,
,,,,,,NORWICH,NORWICH,TS0050,ENG,,,,,15/17 The Haymarket,,Norwich,Norfolk,England,NR2 1QL,,TS0050,TS0050,8513,8513,,,,,,,11500,,,,,,,,,,,,,,,,,,,,,,,,
,,,,,,COLERAINE,COLERAINE,TS0053,NI,,,,,30/32 Church Street,,Coleraine,Co Coleraine,Northern Ireland,BT52 1AR,,TS0053,TS0053,1885,1885,,,,,,,2377,,,,,,,,,,,,,,,,,,,,,,,,
,,,,,,LUTON,LUTON,TS0054,ENG,,,,,65-67 Arndale Centre,,Luton,Luton,England,LU1 3TP,,TS0054,TS0054,1474,1474,,,,,,,3751,,,,,,,,,,,,,,,,,,,,,,,,
,,,,,,SCUNTHORPE,SCUNTHORPE,TS0057,ENG,,,,,85/87 High Street,,Scunthorpe,North Lincolnshire,England,DN15 6LY,,TS0057,TS0057,2180,2180,,,,,,,1981,,,,,,,,,,,,,,,,,,,,,,,,
,,,,,,GLASGOW (BRAEHEAD PARK),BRAEHEAD PARK,TS0058,SCO,,,,,Unit Lr42/lr43 Braehead Shopping Centre,"Kingsinch Road, Braehead",Glasgow,Glasgow City,Scotland,G51 4BP,,TS0058,TS0058,309,309,,,,,,,6400,,,,,,,,,,,,,,,,,,,,,,,,
,,,,,,ST ALBANS,ST ALBANS,TS0062,ENG,,,,,Unit 15,The Maltings Centre,St Albans,Hertfordshire,England,AL1 3HL,,TS0062,TS0062,1602,1602,,,,,,,4803,,,,,,,,,,,,,,,,,,,,,,,,
,,,,,,LEAMINGTON SPA,LEAMINGTON SPA,TS0063,ENG,,,,,4 Upper Mallstreet,Royal Priors,Leamington Spa,Warwickshire,England,CV32 4XT,0,TS0063,TS0063,1875,1875,,,,,,,4300,,,,,,,,,,,,,,,,,,,,,,,,
,,,,,,LEEDS,LEEDS (TRINITY),TS0065,ENG,,,,,44 Briggate,,Leeds,West Yorkshire,England,LS1 6HD,,TS0065,TS0065,945,945,,,,,,,23550,,,,,,,,,,,,,,,,,,,,,,,,
,,,,,,MANSFIELD,MANSFIELD,TS0069,ENG,,,,,Units 28-29,Four Seasons Centre,Mansfield,Nottinghamshire,England,NG18 1SU,,TS0069,TS0069,1841,1841,,,,,,,3600,,,,,,,,,,,,,,,,,,,,,,,,
,,,,,,GLASGOW,GLASGOW (ARGYLE ST),TS0071,SCO,,,,,Unit 7/8,Argyle Street,Glasgow,Glasgow City,Scotland,G2 8BJ,,TS0071,TS0071,2167,2167,,,,,,,13800,,,,,,,,,,,,,,,,,,,,,,,,
,,,,,,ST HELIER,JERSEY,TS0080,JER,,,,,40 King Street,,St. Helier,Jersey,Channel Islands,JE2 4WE,,TS0080,TS0080,6044,6044,,,,,,,1545,,,,,,,,,,,,,,,,,,,,,,,,
,,,,,,STIRLING,STIRLING,TS0088,SCO,,,,,Unit LSU2,Thistle Marches,Stirling,Stirling,Scotland,FK8 2EA,,TS0088,TS0088,1762,1762,,,,,,,4300,,,,,,,,,,,,,,,,,,,,,,,,
,,,,,,SCARBOROUGH,SCARBOROUGH,TS0105,ENG,,,,,Unit 29/30,Brunswick Pavilion,Scarborough,North Yorkshire,England,YO11 1UE,,TS0105,TS0105,1525,1525,,,,,,,1390,,,,,,,,,,,,,,,,,,,,,,,,
,,,,,,LANCASTER,LANCASTER,TS0108,ENG,,,,,5-7 Penny Street,,Lancaster,Lancashire,England,LA1 1UA,,TS0108,TS0108,1666,1666,,,,,,,2205,,,,,,,,,,,,,,,,,,,,,,,,
,,,,,,YEOVIL,YEOVIL,TS0116,ENG,,,,,"Unit 3, 5 Vicarage Walk",Quedam Centre,Yeovil,Somerset,England,BA20 1EU,,TS0116,TS0116,1678,1678,,,,,,,2225,,,,,,,,,,,,,,,,,,,,,,,,
,,,,,,WORCESTER,WORCESTER 2,TS0120,ENG,,,,,Unit 3,19 High Street,Worcester,Worcestershire,England,WR1 2QE,,TS0120,TS0120,1811,1811,,,,,,,1572,,,,,,,,,,,,,,,,,,,,,,,,
,,,,,,LEEDS (WHITE ROSE),LEEDS WHITE ROSE,TS0122,ENG,,,,,White Rose Centre,Dewsbury Road,Leeds,West Yorkshire,England,LS11 8EW,,TS0122,TS0122,2563,2563,,,,,,,6096,,,,,,,,,,,,,,,,,,,,,,,,
,,,,,,CREWE,CREWE,TS0127,ENG,,,,,Unit 2,Queensway,Crewe,Cheshire,England,CW1 2HH,0,TS0127,TS0127,1704,1704,,,,,,,1921,,,,,,,,,,,,,,,,,,,,,,,,
,,,,,,HULL,HULL PRINCES QUAY,TS0128,ENG,,,,,Unit G39,Princes Quay,Hull,City of Kingston upon Hull,England,HU1 2PQ,,TS0128,TS0128,1902,1902,,,,,,,2962,,,,,,,,,,,,,,,,,,,,,,,,
,,,,,,GRIMSBY,GRIMSBY,TS0131,ENG,,,,,Freshney Place,,Grimsby,North East Lincolnshire,England,DN31 1QL,0,TS0131,TS0131,153,153,,,,,,,2111,,,,,,,,,,,,,,,,,,,,,,,,
,,,,,,BARROW,BARROW IN FURNESS,TS0132,ENG,,,,c/o Topshop,10 Portland Walk,,Barrow In Furness,Cumbria,England,LA14 1DB,,TS0132,TS0132,1449,1449,,,,,,,2196,,,,,,,,,,,,,,,,,,,,,,,,
,,,,,,EASTBOURNE,EASTBOURNE,TS0141,ENG,,,,,Unit 6,The Beacon Shopping Centre,Eastbourne,East Sussex,England,BN21 3NW,,TS0141,TS0141,1705,1705,,,,,,,4100,,,,,,,,,,,,,,,,,,,,,,,,
,,,,,,HANLEY,HANLEY,TS0147,ENG,,,,,Unit Msu 4-5,The Potteries Shopping Centre,Hanley,Stoke-on-Trent,England,ST1 1PS,0,TS0147,TS0147,1861,1861,,,,,,,5305,,,,,,,,,,,,,,,,,,,,,,,,
,,,,,,BLACKPOOL,BLACKPOOL VICTORIA ST,TS0157,ENG,,,,,18/22 Victoria Street,,Blackpool,Blackpool,England,FY1 4RW,,TS0157,TS0157,1296,1296,,,,,,,3100,,,,,,,,,,,,,,,,,,,,,,,,
,,,,,,SWANSEA,SWANSEA,TS0158,WAL,,,,,6-7 Oxford Street,,Swansea,Swansea,Wales,SA1 3AE,,TS0158,TS0158,1310,1310,,,,,,,5217,,,,,,,,,,,,,,,,,,,,,,,,
,,,,,,STOCKPORT,STOCKPORT,TS0160,ENG,,,,,37 Mersey Way,,Stockport,Greater Manchester,England,SK1 1PW,,TS0160,TS0160,0937 4872,0937 4872,,,,,,,3300,,,,,,,,,,,,,,,,,,,,,,,,
,,,,,,NORTHAMPTON,NORTHAMPTON,TS0163,ENG,,,,,5 Wood Street,Grosvenor Centre,Northampton,Northamptonshire,England,NN1 2ED,,TS0163,TS0163,1335,1335,,,,,,,3114,,,,,,,,,,,,,,,,,,,,,,,,
,,,,,,DARLINGTON,DARLINGTON,TS0164,ENG,,,,,16 Cornmill Centre,,Darlington,Darlington,England,DL1 1LS,,TS0164,TS0164,876,876,,,,,,,2500,,,,,,,,,,,,,,,,,,,,,,,,
,,,,,,GUILDFORD,GUILDFORD,TS0166,ENG,,,,,The Friary Centre,,Guildford,Surrey,England,GU1 4YL,,TS0166,TS0166,954,954,,,,,,,10900,,,,,,,,,,,,,,,,,,,,,,,,
,,,,,,PRESTON,PRESTON FISHERGATE,TS0168,ENG,,,,,125/127 Fishergate,,Preston,Lancashire,England,PR1 2AH,,TS0168,TS0168,2552,2552,,,,,,,8800,,,,,,,,,,,,,,,,,,,,,,,,
,,,,,,PORTSMOUTH,PORTSMOUTH,TS0169,ENG,,,,,152/154 Commercial Road,,Portsmouth,Portsmouth,England,PO1 1EX,,TS0169,TS0169,930,930,,,,,,,4100,,,,,,,,,,,,,,,,,,,,,,,,
,,,,,,TRURO,TRURO,TS0170,ENG,,,,,15/16 King Street,,Truro,Cornwall,England,TR1 2RQ,,TS0170,TS0170,2179,2179,,,,,,,3607,,,,,,,,,,,,,,,,,,,,,,,,
,,,,,,KINGSTON,KINGSTON UPON THAMES,TS0172,ENG,,,,,34 Clarence Street,Kingston On Thames,Kingston,Greater London,England,KT1 1NR,,TS0172,TS0172,91,91,,,,,,,5324,,,,,,,,,,,,,,,,,,,,,,,,
,,,,,,SOUTHAMPTON,SOUTHAMPTON ABOVE BAR,TS0174,ENG,,,,,33/35 Above Bar Street,,Southampton,Southampton,England,SO1 7DX,,TS0174,TS0174,1344,1344,,,,,,,5812,,,,,,,,,,,,,,,,,,,,,,,,
,,,,,,CARLISLE,CARLISLE,TS0175,ENG,,,,,18/24 English Street,,Carlisle,Cumbria,England,CA3 8HX,,TS0175,TS0175,1355,1355,,,,,,,2800,,,,,,,,,,,,,,,,,,,,,,,,
,,,,,,PETERBOROUGH,PETERBOROUGH,TS0176,ENG,,,,,21/23 Queensgate Centre,,Peterborough,Peterborough,England,PE1 1NH,,TS0176,TS0176,1395,1395,,,,,,,3900,,,,,,,,,,,,,,,,,,,,,,,,
,,,,,,SHEFFIELD,SHEFFIELD FARGATE,TS0177,ENG,,,,,33/35 Fargate,,Sheffield,South Yorkshire,England,S1 2HD,,TS0177,TS0177,1385,1385,,,,,,,6971,,,,,,,,,,,,,,,,,,,,,,,,
,,,,,,EDINBURGH,EDINBURGH PRINCES ST,TS0178,SCO,,,,,30 Princes Street,,Edinburgh,City Of Edinburgh,Scotland,EH2 2BY,,TS0178,TS0178,1370,1370,,,,,,,13666,,,,,,,,,,,,,,,,,,,,,,,,
,,,,,,MILTON KEYNES,MILTON KEYNES STORE,TS0183,ENG,,,,,32 Midsummer Place,,Milton Keynes,Milton Keynes,England,MK9 3GA,,TS0183,TS0183,488,488,,,,,,,7530,,,,,,,,,,,,,,,,,,,,,,,,
,,,,,,LONDONDERRY,LONDONDERRY,TS0185,NI,,,,,Unit M7,Foyleside Centre,Londonderry,Derry City,Northern Ireland,BT48 6XY,,TS0185,TS0185,426,426,,,,,,,4735,,,,,,,,,,,,,,,,,,,,,,,,
,,,,,,ASHTON UNDER LYNE,ASHTON UNDER LYNE,TS0191,ENG,,,,c/o Topshop,51 Warrington Street,,Ashton Under Lyne,Greater Manchester,England,OL6 7JG,,TS0191,TS0191,1540,1540,,,,,,,1998,,,,,,,,,,,,,,,,,,,,,,,,
,,,,,,TELFORD,TELFORD,TS0197,ENG,,,,,"115 The Border, The Mall",Town Centre,Telford,Shropshire,England,TF3 4AE,,TS0197,TS0197,1524,1524,,,,,,,2067,,,,,,,,,,,,,,,,,,,,,,,,
,,,,,,SHREWSBURY,SHREWSBURY,TS0200,ENG,,,,,Unit Lru,Charles Darwin Centre,Shrewsbury,Shropshire,England,SY1 1BN,,TS0200,TS0200,1824,1824,,,,,,,1930,,,,,,,,,,,,,,,,,,,,,,,,
,,,,,,CROYDON,CROYDON NORTH END,TS0216,ENG,,,,,54 North End,,Croydon,Greater London,England,CR0 1UG,,TS0216,TS0216,5025,5025,,,,,,,4440,,,,,,,,,,,,,,,,,,,,,,,,
,,,,,,BANGOR (WALES),BANGOR WALES,TS0238,WAL,,,,c/o Topshop,225/257 High St,,Bangor,Gwynedd,Wales,LL57 1PA,,TS0238,TS0238,480,480,,,,,,,2426,,,,,,,,,,,,,,,,,,,,,,,,
,,,,,,CANARY WHARF,CANARY WHARF,TS0309,ENG,,,,,Topshop Unit 3 Canada Square,,Canary Wharf,Greater London,England,E14 5AB,,TS0309,TS0309,497,497,,,,,,,2183,,,,,,,,,,,,,,,,,,,,,,,,
,,,,,,WELWYN GARDEN CITY,WELWYN GARDEN CITY,TS0317,ENG,,,,,"Unit 14, The Howard Centre",Howardgate,Welwyn Garden City,Hertfordshire,England,AL8 6HA,,TS0317,TS0317,5311,5311,,,,,,,1622,,,,,,,,,,,,,,,,,,,,,,,,
,,,,,,ROMFORD,ROMFORD,TS0319,ENG,,,,c/o Topshop,Unit 5,The Liberty,Romford,Greater London,England,RM1 3RL,,TS0319,MS0206,5067,5067,,,,,,,3770,,,,,,,,,,,,,,,,,,,,,,,,
,,,,,,CHESTER,CHESTER,TS0324,ENG,,,,c/o Topman,12/14 St Michael's Square,Grosvenor Precinct,Chester,Cheshire,England,CH1 1EE,,TM7345,TS0324,1748,1748,,,,,,,3300,,,,,,,,,,,,,,,,,,,,,,,,
,,,,,,CHELMSFORD,CHELMSFORD,TS0328,ENG,,,,,1 High Chelmer,,Chelmsford,Essex,England,CM1 1XG,,TS0328,TS0328,5020,5020,,,,,,,3955,,,,,,,,,,,,,,,,,,,,,,,,
,,,,,,SUNDERLAND,SUNDERLAND,TS0337,ENG,,,,,Unit 21 The Bridges,,Sunderland,Tyne and Wear,England,SR1 3LD,,TS0337,TS0337,433,433,,,,,,,4275,,,,,,,,,,,,,,,,,,,,,,,,
,,,,,,PORTADOWN,PORTADOWN,TS0379,NI,,,,,8 High St,,Portadown,Co Craigavon,Northern Ireland,BT62 1HZ,0,TS0379,TS0379,565,565,,,,,,,2120,,,,,,,,,,,,,,,,,,,,,,,,
,,,,,,SOLIHULL,SOLIHULL,TS0393,ENG,,,,,"Unit Su60, Touchwood Centre",21 Crescent Arcade,Solihull,West Midlands,England,B91 3QF,0,TS0393,TS0393,523,523,,,,,,,4000,,,,,,,,,,,,,,,,,,,,,,,,
,,,,,,Z EIRE BLANCHARDSTOWN,BLANCHARDSTOWN,TS0451,EIR,,,,,Unit 221,Blanchardstown Shop/centre,Blanchardstown,Co Dublin,Eire,D15RF61,,TS0451,TS0451,22,22,,,,,,,4384,,,,,,,,,,,,,,,,,,,,,,,,
,,,,,,Z EIRE GALWAY,GALWAY,TS0453,EIR,,,,,Unit 9/10/11 Edward Square,,Galway,Co Galway,Eire,H91 RKT0,,TS0453,TS0453,469,469,,,,,,,2300,,,,,,,,,,,,,,,,,,,,,,,,
,,,,,,LIVINGSTON,LIVINGSTON,TS0518,SCO,,,,,313/314 Almondvale South,Almondvale South,Livingston,West Lothian,Scotland,EH54 6GS,,TS0518,TS0518,901,901,,,,,,,4612,,,,,,,,,,,,,,,,,,,,,,,,
,,,,,,COLCHESTER,COLCHESTER,TS0520,ENG,,,,,20 Culver Walk,Lion Walk Shopping Centre,Colchester,Essex,England,CO1 1XJ,0,TS0520,TS0520,941,941,,,,,,,4500,,,,,,,,,,,,,,,,,,,,,,,,
,,,,,,BURY ST EDMUNDS,BURY ST EDMUNDS,TS0526,ENG,,,,Topshop,Unit 1/2,2 Auction Street,Bury St Edmunds,Suffolk,England,IP33 3FA,,TS0526,TS0526,718,718,,,,,,,4360,,,,,,,,,,,,,,,,,,,,,,,,
,,,,,,ABERDEEN,ABERDEEN (BON ACCORD),TS0535,SCO,,,,c/o Topshop,"Unit 19a, Bon Accord Centre",George Street,Aberdeen,Aberdeen City,Scotland,AB25 1HZ,,TS0535,TS0535,904,904,,,,,,,8139,,,,,,,,,,,,,,,,,,,,,,,,
,,,,,,BEDFORD,BEDFORD,TS0554,ENG,,,,,"21/25 Harpur Centre, Midland Road",Brickhill,Bedford,Bedfordshire,England,MK40 1PL,,TS0554,TS0554,7174,7174,,,,,,,2100,,,,,,,,,,,,,,,,,,,,,,,,
,,,,,,ANDOVER,ANDOVER,TS0646,ENG,,,,c/o Topshop,42/44 High Street,,Andover,Hampshire,England,SP10 1NF,,TS0646,TS0646,4702,4702,,,,,,,2000,,,,,,,,,,,,,,,,,,,,,,,,
,,,,,,BARNSLEY,BARNSLEY,TS0647,ENG,,,,c/o Topshop,20/22 Cheapside,,Barnsley,South Yorkshire,England,S70 1RR,,TS0647,TS0647,4708,4708,,,,,,,3142,,,,,,,,,,,,,,,,,,,,,,,,
,,,,,,BLACKBURN,BLACKBURN,TS0648,ENG,,,,,14/16 Spring Hill,,Blackburn,Blackburn,England,BB1 7JB,,TS0648,TS0648,4721,4721,,,,,,,3000,,,,,,,,,,,,,,,,,,,,,,,,
,,,,,,BURTON ON TRENT,BURTON ON TRENT,TS0653,ENG,,,,,2/4 Swan Walk,,Burton On Trent,Staffordshire,England,DE14 1DD,,TS0653,TS0653,4733,4733,,,,,,,2630,,,,,,,,,,,,,,,,,,,,,,,,
,,,,,,DURHAM,DURHAM,TS0654,ENG,,,,,18 Silver Street,,Durham,Durham,England,DH1 3RB,,TS0654,TS0654,4761,4761,,,,,,,2721,,,,,,,,,,,,,,,,,,,,,,,,
,,,,,,FAREHAM,FAREHAM,TS0656,ENG,,,,,"Unit 21, 13 Westbury Mall",,Fareham,Hampshire,England,PO16 0PE,,TS0656,TS0656,4771,4771,,,,,,,2200,,,,,,,,,,,,,,,,,,,,,,,,
,,,,,,HORSHAM,HORSHAM,TS0659,ENG,,,,,54 West Street,,Horsham,West Sussex,England,RH12 1PL,,TS0659,TS0659,4788,4788,,,,,,,1900,,,,,,,,,,,,,,,,,,,,,,,,
,,,,,,ST HELENS,ST HELENS,TS0671,ENG,,,,,1 Lagrange Avenue,,St Helens,Merseyside,England,WA10 1BN,,TS0671,TS0671,4870,4870,,,,,,,3500,,,,,,,,,,,,,,,,,,,,,,,,
,,,,,,STEVENAGE,STEVENAGE,TS0672,ENG,,,,,66/68 Queensway,,Stevenage,Hertfordshire,England,SG1 1EG,,TS0672,TS0672,4871,4871,,,,,,,2440,,,,,,,,,,,,,,,,,,,,,,,,
,,,,,,TAUNTON,TAUNTON,TS0675,ENG,,,,,54 North Street,,Taunton,Somerset,England,TA1 1LX,,TS0675,TS0675,4877,4877,,,,,,,2356,,,,,,,,,,,,,,,,,,,,,,,,
,,,,,,NEWTOWNABBEY,NEWTOWNABBEY,TS0707,NI,,,,,"Unit 4, Abbey Centre",Longwood Road,Newtownabbey,Co Newtownabbey,Northern Ireland,BT37 9UH,,TS0707,TS0707,558,558,,,,,,,2026,,,,,,,,,,,,,,,,,,,,,,,,
,,,,,,BASINGSTOKE,BASINGSTOKE,TS0710,ENG,,,,c/o Topshop,7/8 Lower Ground Floor,Festival Place,Basingstoke,Hampshire,England,RG21 7AW,,TS0710,TS0710,566,566,,,,,,,4600,,,,,,,,,,,,,,,,,,,,,,,,
,,,,,,DUNFERMLINE,DUNFERMLINE,TS0718,SCO,,,,,Kingsgate Centre,St James Street,Dunfermline,Fife,Scotland,KY12 7QU,,TS0718,TS0718,1723,1723,,,,,,,2400,,,,,,,,,,,,,,,,,,,,,,,,
,,,,,,KENDAL,KENDAL,TS0719,ENG,,,,,"Unit 3, West Moreland Centre",Stricklandgate,Kendal,Cumbria,England,LA9 4LR,,TS0719,TS0719,952,952,,,,,,,2500,,,,,,,,,,,,,,,,,,,,,,,,
,,,,,,BIRMINGHAM,BIRMINGHAM BULLRING,TS0723,ENG,,,,,Unit Msu2b,New Bull Ring Centre,Birmingham,West Midlands,England,B5 4BF,,TS0723,TS0723,570,570,,,,,,,20603,,,,,,,,,,,,,,,,,,,,,,,,
,,,,,,GLASGOW (FORT),GLASGOW FORT RETAIL PARK,TS0726,SCO,,,,Unit 20,Glasgow Fort Retail Park,Garthamlock Road,Easterhouse,Glasgow,Scotland,G33 5AL,0,TS0726,TS0726,587,587,,,,,,,5500,,,,,,,,,,,,,,,,,,,,,,,,
,,,,,,BOURNEMOUTH(CASTLEPOINT),CASTLEPOINT,TS0727,ENG,,,,,"Unit N1, Castle Point Shopping Centre",Castle Lane West,Bournemouth,Bournemouth,England,BH8 9UY,0,TS0727,TS0727,578,578,,,,,,,7112,,,,,,,,,,,,,,,,,,,,,,,,
,,,,,,HALIFAX,HALIFAX,TS0731,ENG,,,,,Unit 22 Woolshops,,Halifax,West Yorkshire,England,HX1 1RU,0,TS0731,TS0731,607,607,,,,,,,1840,,,,,,,,,,,,,,,,,,,,,,,,
,,,,,,BALLYMENA,BALLYMENA,TS0732,NI,,,,c/o Topshop,"Unit 52-53, Fairhill Shopping Centre",Fairhill Lane,Ballymena,Co Ballymena,Northern Ireland,BT43 6UF,,TS0732,TS0732,601,601,,,,,,,3500,,,,,,,,,,,,,,,,,,,,,,,,
,,,,,,BOURNEMOUTH,BOURNEMOUTH,TS0734,ENG,,,,,Unit 2,Criterian Arcade,Bournemouth,Bournemouth,England,BH1 1BU,,TS0734,TS0734,608,608,,,,,,,3700,,,,,,,,,,,,,,,,,,,,,,,,
,,,,,,MANCHESTER,MANCHESTER (ARNDALE),TS0743,ENG,,,,,Msu3 Northern Ext,Arndale Centre,Manchester,Greater Manchester,England,M4 3AQ,,TS0743,TS0743,692,692,,,,,,,25573,,,,,,,,,,,,,,,,,,,,,,,,
,,,,,,DONCASTER,DONCASTER,TS0744,ENG,,,,,24 Upper West Mall,Frenchgate Centre,Doncaster,South Yorkshire,England,DN1 1LF,,TS0744,TS0744,639,639,,,,,,,6648,,,,,,,,,,,,,,,,,,,,,,,,
,,,,,,MAIDSTONE,MAIDSTONE FREMLINS CNTR,TS0745,ENG,,,,,19/21 Fremlin Walk,,Maidstone,Kent,England,ME14 1QG,,TS0745,TS0745,627,627,,,,,,,6139,,,,,,,,,,,,,,,,,,,,,,,,
,,,,,,HARLOW,HARLOW WATER GARDENS,TS0746,ENG,,,,,"Unit 6, Water Gardens Shopping Centre",3rd Avenue,Harlow,Essex,England,CM20 1AN,,TS0746,TS0746,630,630,,,,,,,4000,,,,,,,,,,,,,,,,,,,,,,,,
,,,,,,NOTTINGHAM,NOTTINGHAM (VICTORIA),TS0747,ENG,,,,,136 Victoria Centre,,Nottingham,Nottingham,England,NG1 3QD,,TS0747,TS0747,635,635,,,,,,,15080,,,,,,,,,,,,,,,,,,,,,,,,
,,,,,,CANTERBURY,CANTERBURY WHITEFRIARS,TS0748,ENG,,,,,1-3 Whitefriars Street,,Canterbury,Kent,England,CT1 2TA,,TS0748,TS0748,637,637,,,,,,,10000,,,,,,,,,,,,,,,,,,,,,,,,
,,,,,,EXETER,EXETER PRINCESSHAY,TS0749,ENG,,,,,Exeter Princesshay,11 Eastgate,Exeter,Devon,England,EX1 1GB,,TS0749,TS0749,641,641,,,,,,,5298,,,,,,,,,,,,,,,,,,,,,,,,
,,,,,,CRAIGAVON,CRAIGAVON,TS0750,NI,,,,,"Unit C, Rushmere Shopping Centre",Central Way,Craigavon,Co Armagh,Northern Ireland,BT64 1AA,0,TS0750,TS0750,628,628,,,,,,,3100,,,,,,,,,,,,,,,,,,,,,,,,
,,,,,,BRADFORD,BRADFORD BROADWAY,TS0753,ENG,,,,,Unit Msuo3,Broadway Centre,Bradford,West Yorkshire,England,BD11US,,TS0753,TS0753,1020,1020,,,,,,,4536,,,,,,,,,,,,,,,,,,,,,,,,
,,,,,,NUNEATON,NUNEATON,TS0758,ENG,,,,,Ropewalk,Chapel Street,Nuneaton,Warwickshire,England,CV11 5QH,,TS0758,TS0758,680,680,,,,,,,4500,,,,,,,,,,,,,,,,,,,,,,,,
,,,,,,WIGAN,WIGAN,TS0759,ENG,,,,,Unit 1,19 Grand Arcade,Wigan,Greater Manchester,England,WN1 1BH,,TS0759,TS0759,720,720,,,,,,,4932,,,,,,,,,,,,,,,,,,,,,,,,
,,,,,,WARRINGTON,WARRINGTON,TS0763,ENG,,,,,Unit Su3,Golden Square,Warrington,Warrington,England,WA1 1QB,,TS0763,TS0763,739,739,,,,,,,7000,,,,,,,,,,,,,,,,,,,,,,,,
,,,,,,DERBY,DERBY,TS0765,ENG,,,,,Su208/307,"North Mall, Westfield Centre",Derby,Derby City,England,DE1 2PQ,,TS0765,TS0765,741,741,,,,,,,8400,,,,,,,,,,,,,,,,,,,,,,,,
,,,,,,Z EIRE DUBLIN (ST STEPH),DUBLIN ST STEPHENS,TS0766,EIR,,,,,6-7 St Stephens Green,,Dublin,Co Dublin,Eire,D02 X827,,TS0766,TS0766,705,705,,,,,,,14135,,,,,,,,,,,,,,,,,,,,,,,,
,,,,,,ENFIELD,ENFIELD,TS0768,ENG,,,,,12 Hutton Walk,Palace Exchange,Enfield,Greater London,England,EN2 6BH,,TS0768,TS0768,717,717,,,,,,,4605,,,,,,,,,,,,,,,,,,,,,,,,
,,,,,,HIGH WYCOMBE,HIGH WYCOMBE,TS0769,ENG,,,,,Unit 43,35 Newland Street,High Wycombe,High Wycombe,England,HP11 2BY,,TS0769,TS0769,738,738,,,,,,,4390,,,,,,,,,,,,,,,,,,,,,,,,
,,,,,,YORK,YORK COPPERGATE,TS0772,ENG,,,,,3 St Mary's Square,Coppergate,York,North Yorkshire,England,YO1 9NY,,TS0772,TS0772,708,708,,,,,,,10300,,,,,,,,,,,,,,,,,,,,,,,,
,,,,,,GLOUCESTER,GLOUCESTER,TS0773,ENG,,,,,8-8a Eastgate Street,,Gloucester,Gloucestershire,England,GL1 1PA,,TS0773,TS0773,712,712,,,,,,,4000,,,,,,,,,,,,,,,,,,,,,,,,
,,,,,,BROMLEY,BROMLEY,TS0784,ENG,,,,,145 High St,,Bromley,Greater London,England,BR1 1JD,,TS0784,TS0784,747,747,,,,,,,12010,,,,,,,,,,,,,,,,,,,,,,,,
,,,,,,MIDDLESBROUGH,MIDDLESBROUGH,TS0785,ENG,,,,,92 Linthorpe Road,22 Centre Mall,Middlesbrough,Middlesbrough,England,TS1 2JZ,,TS0785,TS0785,750,750,,,,,,,9030,,,,,,,,,,,,,,,,,,,,,,,,
,,,,,,GREENOCK,GREENOCK,TS0786,SCO,,,,,30 Hamilton Way,,Greenock,Inverclyde,Scotland,PA15 1RH,,TS0786,TS0786,4079,4079,,,,,,,1100,,,,,,,,,,,,,,,,,,,,,,,,
,,,,,,Z EIRE CORK,CORK,TS0788,EIR,,,,14 Academy Street,,,Cork,Co Cork,Eire,,,TS0788,TS0788,793,793,,,,,,,9523,,,,,,,,,,,,,,,,,,,,,,,,
,,,,,,HULL,HULL ST STEPHENS CENTRE,TS0857,ENG,,,,,"Unit 12, 13",St Stephens Centre,Hull,City Of Kingston Upon Hull,England,HU2 8LN,,TS0857,TS0857,787,787,,,,,,,8400,,,,,,,,,,,,,,,,,,,,,,,,
,,,,,,CARDIFF,CARDIFF,TS0864,WAL,,,,,Unit 1 Andrews Buildings,Queen Street,South Glamorgan,Cardiff,Wales,CF10 2AS,,TS0864,TS0864,699,699,,,,,,,19487,,,,,,,,,,,,,,,,,,,,,,,,
,,,,,,BELFAST,BELFAST VICTORIA SQUARE,TS0870,NI,,,,,Msu2 Victoria Square,,Belfast,Belfast City,Northern Ireland,BT1 4QG,,TS0870,TS0870,806,806,,,,,,,19502,,,,,,,,,,,,,,,,,,,,,,,,
,,,,,,LONDON (CITY),CHEAPSIDE,TS0873,ENG,,,,,Unit Msu1,1 New Change,City Of London,Greater London,England,EC2V 6AH,,TS0873,TS0873,820,820,,,,,,,10300,,,,,,,,,,,,,,,,,,,,,,,,
,,,,,,LONDON (WHITE CITY),WHITE CITY,TS0874,ENG,,,,,2039-2041,Westfield,White City,Greater London,England,W12 7GE,,TS0874,TS0874,798,798,,,,,,,18581,,,,,,,,,,,,,,,,,,,,,,,,
,,,,,,CAMBERLEY,CAMBERLEY,TS0875,ENG,,,,,3/5 Cambridge Walk,,Camberley,Surrey,England,GU15 3SW,,TS0875,TS0875,7192,7192,,,,,,,1900,,,,,,,,,,,,,,,,,,,,,,,,
,,,,,,PLYMOUTH,PLYMOUTH,TS0879,ENG,,,,,Unit 43/44 Drakes Circus,1 Charter Street,Plymouth,Devon,England,PL1 1EA,,TS0879,TS0879,799,799,,,,,,,7549,,,,,,,,,,,,,,,,,,,,,,,,
,,,,,,CAMBRIDGE,CAMBRIDGE,TS0880,ENG,,,,,Unit Su 15 & 42,Grand Arcade Shopping Centre,22 St Andrews Street,Cambridgeshire,England,CB2 3AX,,TS0880,TS0880,802,802,,,,,,,12600,,,,,,,,,,,,,,,,,,,,,,,,
,,,,,,GLASGOW (SILVERBURN),GLASGOW SILVERBURN,TS0885,SCO,,,,Unit M1,Silverburn Shopping Centre,763 Barrhead Road,Pollok,Glasgow,Scotland,G53 6AG,,TS0885,TS0885,807,807,,,,,,,5819,,,,,,,,,,,,,,,,,,,,,,,,
,,,,,,NEWCASTLE UPON TYNE,NEWCASTLE ELDON SQUARE,TS0891,ENG,,,,Topshop,Units 3-7 St. Andrews Way,Eldon Square Shopping Centre,Newcastle,Tyne And Wear,England,NE1 7XD,,TS0891,TS0891,870,870,,,,,,,15088,,,,,,,,,,,,,,,,,,,,,,,,
,,,,,,WAKEFIELD,WAKEFIELD,TS0893,ENG,,,,,Unit G11 & G12,Trinity Walk,Wakefield,West Yorkshire,England,WF1 1QR,,TS0893,TS0893,939,939,,,,,,,5000,,,,,,,,,,,,,,,,,,,,,,,,
,,,,,,WINDSOR,WINDSOR,TS0894,ENG,,,,Unit B,33 King Edward Court,,Windsor,Windsor And Maidenhead,England,SL4 1TG,,TS0894,TS0894,830,830,,,,,,,3683,,,,,,,,,,,,,,,,,,,,,,,,
,,,,,,LEICESTER,LEICESTER,TS0931,ENG,,,,,Units 87/88 & 108/109,Highcross Shopping Centre,Leicester,Leicester City,England,LE1 4FQ,,TS0931,TS0931,838,838,,,,,,,8855,,,,,,,,,,,,,,,,,,,,,,,,
,,,,,,BATH,BATH,TS0932,ENG,,,,c/o Topshop,Unit 10/11,Southgate Shopping Centre,Bath,Somerset,England,BA1 1PQ,,TS0932,TS0932,839,839,,,,,,,8086,,,,,,,,,,,,,,,,,,,,,,,,
,,,,,,SHEFFIELD (MEADOWHALL),MEADOWHALL,TS0933,ENG,,,,,9/15 Park Lane,Meadowhall Centre,Sheffield,South Yorkshire,England,S9 1EL,,TS0933,TS0933,853,853,,,,,,,15500,,,,,,,,,,,,,,,,,,,,,,,,
,,,,,,Z EIRE ATHLONE,ATHLONE,TS0934,EIR,,,,Topshop,Unit 36,Athlone Town Centre,Athlone,Co Westmeath,Eire,N37 NN28,,TS0934,TS0934,850,850,,,,,,,2200,,,,,,,,,,,,,,,,,,,,,,,,
,,,,,,READING,READING ORACLE CTR,TS0938,ENG,,,,,"Unit 43, Town Mall",The Oracle Centre,Reading,Reading,England,RG1 2AS,0,TS0938,TS0938,171,171,,,,,,,10800,,,,,,,,,,,,,,,,,,,,,,,,
,,,,,,BRISTOL,BRISTOL CABOT CIRCUS,TS0961,ENG,,,,Topshop,Lower Ground Su25,Brigstowe Street,Bristol,Bristol,England,BS1 3BA,,TS0961,TS0961,724,724,,,,,,,12819,,,,,,,,,,,,,,,,,,,,,,,,
,,,,,,SWINDON,SWINDON,TS0962,ENG,,,,,Su1,The Parade,Swindon,Wiltshire,England,SN1 1BL,,TS0962,TS0962,897,897,,,,,,,3800,,,,,,,,,,,,,,,,,,,,,,,,
,,,,,,MANCHESTER (TRAFFORD C),TRAFFORD CENTRE,TS1012,ENG,,,,,130-134 Regent Crescent,The Trafford Centre,Manchester,Greater Manchester,England,M17 8AF,,TS1012,TS1012,1056,1056,,,,,,,26093,,,,,,,,,,,,,,,,,,,,,,,,
,,,,,,DUNDEE,DUNDEE,TS1036,SCO,,,,,L12 -14 Overgate,Overgate Centre,Dundee,Dundee City,Scotland,DD1 1UE,,TS1036,TS1036,927,927,,,,,,,4462,,,,,,,,,,,,,,,,,,,,,,,,
,,,,,,TUNBRIDGE WELLS,TUNBRIDGE WELLS,TS1040,ENG,,,,,13-17 Calverley Road,,Tunbridge Wells,Kent,England,TN1 2TB,,TS1040,TS1040,916,916,,,,,,,6425,,,,,,,,,,,,,,,,,,,,,,,,
,,,,,,DOUGLAS (IOM),DOUGLAS IOM,TS1041,IOM,,,,,32/36 Strand Centre,,Douglas,Isle Of Man,Isle Of Man,IM1 2ER,,TS1041,TS1041,976,976,,,,,,,3012,,,,,,,,,,,,,,,,,,,,,,,,
,,,,,,BASILDON,BASILDON,TS1049,ENG,,,,c/o Topshop,24/25 Eastgate Centre,,Basildon,Essex,England,SS14 1AE,,TS1049,TS1049,946,946,,,,,,,3200,,,,,,,,,,,,,,,,,,,,,,,,
,,,,,,CARMARTHEN,CARMARTHEN,TS1053,WAL,,,,c/o Topshop,Unit 3-4 Catherines Walk,,Carmarthen,Carmarthenshire,Wales,SA31 1QY,,TS1053,TS1053,924,924,,,,,,,2868,,,,,,,,,,,,,,,,,,,,,,,,
,,,,,,LONDON (KNIGHTSBRIDGE),KNIGHTSBRIDGE,TS1054,ENG,,,,,70 Brompton Road,,Knightsbridge,Greater London,England,SW3 1ER,,TS1054,TS1054,910,910,,,,,,,10190,,,,,,,,,,,,,,,,,,,,,,,,
,,,,,,CHICHESTER,CHICHESTER,TS1055,ENG,,,,,89-91 East Street,,Chichester,West Sussex,England,PO19 1HA,,TS1055,TS1055,936,936,,,,,,,4198,,,,,,,,,,,,,,,,,,,,,,,,
,,,,,,SALISBURY,SALISBURY,TS1061,ENG,,,,,Units 27-29 & 31-33,Old George Mall,Salisbury,Wiltshire,England,SP1 2AA,,TS1061,TS1061,942,942,,,,,,,3850,,,,,,,,,,,,,,,,,,,,,,,,
,,,,,,BURY,BURY,TS1064,ENG,,,,,Unit E03 The Rock,6 St John's Square,Bury,Greater Manchester,England,BL9 0JL,,TS1064,TS1064,932,932,,,,,,,4000,,,,,,,,,,,,,,,,,,,,,,,,
,,,,,,WANDSWORTH,WANDSWORTH,TS1081,ENG,,,,,"Unit 42/44, High Street",Southside Shopping Centre,Wandsworth,Greater London,England,SW18 4TF,,TS1081,TS1081,947,947,,,,,,,3000,,,,,,,,,,,,,,,,,,,,,,,,
,,,,,,INVERNESS,INVERNESS,TS1082,SCO,,,,,"Units 63, 64 & 65 Eastgate Shopping Centre",11 Eastgate,Inverness,Highland,Scotland,IV2 3PP,,TS1082,TS1082,966,966,,,,,,,4500,,,,,,,,,,,,,,,,,,,,,,,,
,,,,,,NEWBURY,NEWBURY,TS1089,ENG,,,,,Unit 8/9 Parkway,,Newbury,Berkshire,England,RG14 1EE,,TS1089,TS1089,953,953,,,,,,,3250,,,,,,,,,,,,,,,,,,,,,,,,
,,,,,,STRATFORD (WESTFIELD),STRATFORD WESTFIELD,TS1090,ENG,,,,,"Su 2016, 223-224 The Arcade",Westfield Stratford City,Stratford,Greater London,England,E20 1EQ,,TS1090,TS1090,964,964,,,,,,,19500,,,,,,,,,,,,,,,,,,,,,,,,
,,,,,,AYLESBURY,AYLESBURY,TS1135,ENG,,,,c/o Topshop,Friars Square Shopping Centre,,Aylesbury,Buckinghamshire,England,HP20 2QF,,TS1135,TS1135,984,984,,,,,,,2700,,,,,,,,,,,,,,,,,,,,,,,,
,,,,,,Z USA CHICAGO,CHICAGO,TS1206,US,,,,Topshop,830 North Michigan Avenue,,Chicago,Illinois,United States Of America,60611,,TS1206,TS1206,2999,2999,,,,,,,21200,,,,,,,,,,,,,,,,,,,,,,,,
,,,,,,STAINES,STAINES,TS1214,ENG,,,,,15/16 South Mall,Elmsleigh Shopping Centre,Staines,Surrey,England,TW18 4QT,,TS1214,TS1214,967,967,,,,,,,3300,,,,,,,,,,,,,,,,,,,,,,,,
,,,,,,THURROCK (LAKESIDE),LAKESIDE,TS1232,ENG,,,,,334/336 Lakeside Shopping Centre,,West Thurrock,Thurrock,England,RM20 2ZH,,TS1232,TS1232,957,957,,,,,,,17650,,,,,,,,,,,,,,,,,,,,,,,,
,,,,,,Z USA LAS VEGAS,LAS VEGAS,TS1239,US,,,,Topshop Fashion Show Mall,3200 Las Vegas Boulevard South, ,Las Vegas,Nevada,United States Of America,89109,,TS1239,TS1239,2998,2998,,,,,,,15000,,,,,,,,,,,,,,,,,,,,,,,,
,,,,,,BRIGHTON,BRIGHTON,TS1248,ENG,,,,,Unit Msu 7,Churchill Square Shopping Centre,Brighton,Brighton And Hove,England,BN1 2TE,,TS1248,TS1248,994,994,,,,,,,14185,,,,,,,,,,,,,,,,,,,,,,,,
,,,,,,Z USA LOS ANGELES,LOS ANGELES,TS1271,US,,,,,189 The Grove Drive,,Los Angeles,California,United States Of America,90036,,TS1271,TS1271,2997,2997,,,,,,,17050,,,,,,,,,,,,,,,,,,,,,,,,
,,,,,,LOUGHBOROUGH,LOUGHBOROUGH,TS1273,ENG,,,,,17 Carillion Court,,Loughborough,Leicestershire,England,LE11 3EA,,TS1273,TS1273,969,969,,,,,,,2700,,,,,,,,,,,,,,,,,,,,,,,,
,,,,,,MAIDENHEAD,MAIDENHEAD,TS1274,ENG,,,,,45-49 Nicholson Shopping Centre,,Maidenhead,Windsor And Maidenhead,England,SL6 1PY,,TS1274,TS1274,973,973,,,,,,,2750,,,,,,,,,,,,,,,,,,,,,,,,
,,,,,,EAST KILBRIDE,EAST KILBRIDE,TS1291,SCO,,,,c/o Topshop,Unit Lr1/2,,Centre West Shopping Centre,East Kilbride,Scotland,G74 1LL,,TS1291,TS1291,980,980,,,,,,,3840,,,,,,,,,,,,,,,,,,,,,,,,
,,,,,,AYR,AYR,TS1312,SCO,,,,c/o Topshop,Unit 6,Ayr Central,Ayr,South Ayrshire,Scotland,KA7 1TN,,TS1312,TS1312,981,981,,,,,,,3500,,,,,,,,,,,,,,,,,,,,,,,,
,,,,,,WHITELEY,WHITELEY VILLAGE,TS1313,ENG,,,,Unit A6,Whiteley Way,Whiteley,Fareham,Hampshire,England,PO15 7PD,,TS1313,TS1313,988,988,,,,,,,5000,,,,,,,,,,,,,,,,,,,,,,,,
,,,,,,LONDON (MARBLE ARCH),MARBLE ARCH,TS1319,ENG,,,,,536-540 Oxford Street,,West End,Greater London,England,W1C 1LS,,TS1319,TS1319,805,805,,,,,,,6620,,,,,,,,,,,,,,,,,,,,,,,,
,,,,,,WOKING,WOKING,TS1321,ENG,,,,,Unit 46,The Peacocks Shopping Centre,Woking,Surrey,England,GU21 6GD,,TS1321,TS1321,989,989,,,,,,,3000,,,,,,,,,,,,,,,,,,,,,,,,
,,,,,,NEWPORT (WALES),NEWPORT WALES,TS1324,WAL,,,,,"Msu2, 33-35 Friars Walk Shopping Centre",John Frost Square,Newport,Newport,Wales,NP20 1DR,,TS1324,TS1324,983,,,,,,,,3944,,,,,,,,,,,,,,,,,,,,,,,,
,,,,,,DARTFORD (BLUEWATERPARK),BLUEWATER PARK,TS1354,ENG,,,,,"Unit 27-58, Upper Rose Gallery","Bluewater Park, Greenhithe",Dartford,Kent,England,DA9 9SP,,TS1354,TS1354,992,992,,,,,,,14800,,,,,,,,,,,,,,,,,,,,,,,,
,,,,,,BRISTOL (CRIBBSCAUSEWAY),BRISTOL CRIBBS CAUSEWAY,TS2806,ENG,,,,,"Unit 49 Lower Level, The Mall","Rsc, Cribbs Causeway",Bristol,Bristol,England,BS34 5GG,,TS2806,TS2806,985,985,,,,,,,6200,,,,,,,,,,,,,,,,,,,,,,,,
,,,,,,NEWRY,NEWRY,TS2834,NI,,,,,Unit 9a The Quays Shopping Centre,,Newry,County Down,Northern Ireland,BT35 8QS,,TS2834,TS2834,1015,1015,,,,,,,3300,,,,,,,,,,,,,,,,,,,,,,,,
,,,,,,HUDDERSFIELD,HUDDERSFIELD KINGSGATES,TS2851,ENG,,,,,Unit 26 Kingsgates Centre,King Street,Huddersfield,West Yorkshire,England,HD1 2QB,,TS2851,TS2851,995,995,,,,,,,4500,,,,,,,,,,,,,,,,,,,,,,,,
,,,,,,CHELTENHAM,CHELTENHAM REGENT ARCADE,TS2852,ENG,,,,,"Unit Msu 3, Regent High Street Shopping Center",High Street,Cheltenham,Gloucestershire,England,GL50 1JZ,,TS2852,TS2852,1007,1007,,,,,,,6477,,,,,,,,,,,,,,,,,,,,,,,,
,,,,,,GLASGOW,GLASGOW BUCHANAN ST,TS2876,SCO,,,,,The George Unit 1& 2,229-249 Buchanan Street,Glasgow,Glasgow City,Scotland,G1 2NG,,TM8134,TS2876,404,404,,,,,,,8404,,,,,,,,,,,,,,,,,,,,,,,,
,,,,,,OXFORD,OXFORD,TS2879,ENG,,,,c/o Topshop,22 Queen Street,,Oxford,Oxfordshire,England,OX1 1EP,,TS2879,TS2879,1061,1061,,,,,,,10100,,,,,,,,,,,,,,,,,,,,,,,,
,,,,,,SUTTON COLDFIELD,SUTTON COLDFIELD,TS2880,ENG,,,,c/o Ts,204 The Parade,Gracechurch Centre,Sutton Coldfield,West Midlands,England,B72 1PB,,TS2880,TS2880,1021,1021,,,,,,,3000,,,,,,,,,,,,,,,,,,,,,,,,
,,,,,,DUDLEY (MERRY HILL),DUDLEY MERRY HILL,TS2881,ENG,,,,,"Unit L81, The Merry Hill Centre",Brierley Hill,Dudley,West Midlands,England,DY5 1SN,,TS2881,TS2881,1024,1024,,,,,,,9000,,,,,,,,,,,,,,,,,,,,,,,,
,,,,,,WATFORD,WATFORD,TS2884,ENG,,,,,Unit 123,Harlequin Shopping Centre,Watford,Hertfordshire,England,WD17 2TH,,TS2884,TS2884,1243,1243,,,,,,,2775,,,,,,,,,,,,,,,,,,,,,,,,
,,,,,,Z HOLLAND AMSTERDAM R,KALVERSTRAAT,TS2892,NL,,,,Topshop,Unit 48/52,Kalverstraat,Amsterdam,Amsterdam,Netherlands,1012PE,,TS2892,,3500,3500,,,,,,,10203,,,,,,,,,,,,,,,,,,,,,,,,
,,,,,,Z USA ATLANTA,ATLANTA,TS2895,US,,,,,Unit 2012a,Lenox Square Shopping Mall,Atlanta,Georgia,United States Of America,30326,,TS2895,,2990,2990,,,,,,,11000,,,,,,,,,,,,,,,,,,,,,,,,
,,,,,,Z USA SAN DIEGO,SAN DIEGO,TS2896,US,,,,,Unit 211b,Fashion Valley Shopping Mall,San Diego,California,United States Of America,92108,,TS2896,TS2896,2992,2992,,,,,,,12278,,,,,,,,,,,,,,,,,,,,,,,,
,,,,,,Z USA HOUSTON,HOUSTON,TS2897,US,,,,,Unit B3872/b2881 The Galleria Shopping Mall,5085 Westheimer Road,Houston,Houston,United States Of America,77056,,TS2897,,2991,2991,,,,,,,10500,,,,,,,,,,,,,,,,,,,,,,,,
,,,,,,Z USA SPRINGFIELD,WASHINGTON DC (SPRINGFIELD),TS2898,US,,,,,Unit 6500,Springfield Mall,,Virginia,United States Of America,22150,,TS2898,TS2898,2994,2994,,,,,,,4900,,,,,,,,,,,,,,,,,,,,,,,,
,,,,,,HEMEL HEMPSTEAD,HEMEL HEMPSTEAD,TS2954,ENG,,,,Topshop,Unit 6/7/8,Riverside,Hemel Hempstead,Hertfordshire,England,HP1 1BT,,TS2954,,1033,1033,,,,,,,3123,,,,,,,,,,,,,,,,,,,,,,,,
,,,,,,Z USA GLENDALE,GLENDALE,TS2980,US,,,,Topshop,Unit D6,The Americana At Brand,863 Americana Way,California,United States Of America,CA 91210,,TS2980,TS2980,2989,2989,,,,,,,6000,,,,,,,,,,,,,,,,,,,,,,,,
,,,,,,Z USA MIAMI,MIAMI,TS2986,US,,,,Topshop,Aventura Mall,19575 Biscayne Boulevard,,Miami,United States Of America,33180,,TS2986,TS2986,2988,2988,,,,,,,12720,,,,,,,,,,,,,,,,,,,,,,,,
,,,,,,BOLTON,BOLTON,TS3044,ENG,,,,,Unit 19,Upper Mall,Market Place Shopping Centre,Bolton,England,BL1 2AL,,TS3044,TS3044,1066,1066,,,,,,,4000,,,,,,,,,,,,,,,,,,,,,,,,
,,,,,,Z GERMANY OBERHAUSEN R,CENTRO OBERHAUSEN,TS3105,DE,,,,c/o Topshop,Centroallee 118/119,,Centro Oberhausen,Oberhausen,Germany,46047,,TS3105,TS3105,3505,3505,,,,,,,8900,,,,,,,,,,,,,,,,,,,,,,,,
,,,,,,BRACKNELL,BRACKNELL,TS3112,ENG,,,,,1 Braccan Walk,Msu4i And Msu 4ii,Northern Retail Quarter,Bracknell,England,RG12 1BE,,TS3112,TS3112,1019,1019,,,,,,,4135,,,,,,,,,,,,,,,,,,,,,,,,
,,,,,,Z GERMANY BERLIN R,BERLIN KAUFHOF,TS3129,DE,,,,c/o Topshop,Galeria Kaufhof,Alexanderplatz 9,10178 Berlin,City State Berlin,Germany,10178,,TS3129,,3508,3508,,,,,,,9759,,,,,,,,,,,,,,,,,,,,,,,,
,,,,,,Z EIRE DUBLIN,DUBLIN (JERVIS SHOPPING CNTRE),TS3146,EIR,,,,,Unit 1,Jervis Shopping Centre,Dublin,Co Dublin,Eire,D01 EO78,,TS3146,,1075,1075,,,,,,,8255,,,,,,,,,,,,,,,,,,,,,,,,
,,,,,,Z GERMANY MUNCHEN R,MUNICH KAUFHOF,TS3161,DE,,,,,Galeria Kaufhof Munchen,Marienplatz,Kaufingerstrasse 1-5,Munich,Germany,80331,,TS3161,,3509,3509,,,,,,,9382,,,,,,,,,,,,,,,,,,,,,,,,
,,,,,,Z HOLLAND DEN HAAG R,DEN HAAG,TS3177,NL,,,,,Den Haag,Grote Marktstraat 48-50,,Den Haag,Netherlands,2511BG,,TS3177,,3511,3511,,,,,,,6792,,,,,,,,,,,,,,,,,,,,,,,,
,,,,,,Z HOLLAND ROTTERDAM R,ROTTERDAM,TS3178,NL,,,,,Rotterdam,Hoogstraat 158,3011pm,Rotterdam,Netherlands,3011PM,,TS3178,,3510,3510,,,,,,,6530,,,,,,,,,,,,,,,,,,,,,,,,
,,,,,,LINCOLN,LINCOLN,TS3180,ENG,,,,,Unit Ru2,Waterside Shopping Centre,High St,Lincoln,England,LN2 1AP,,TS3180,,1040,1040,,,,,,,4490,,,,,,,,,,,,,,,,,,,,,,,,
,,,,,,Z AUSTRALIA SYDNEY R,BONDI JUNCTION SYDNEY,TS3190,AU,,,,,500 Oxford Street,Bondi Junction,,Sydney,Australia,NSW 2022,,TS3190,,3400,3400,,,,,,,8923,,,,,,,,,,,,,,,,,,,,,,,,
,,,,,,Z AUSTRALIA MELBOURNE R,EMPORIUM,TS3191,AU,,,,,Emporium Shopping Centre,287 Lonsdale Street,,Melbourne,Australia,3000 VIC,,TS3191,,3402,3402,,,,,,,13277,,,,,,,,,,,,,,,,,,,,,,,,
,,,,,,Z AUSTRALIA SYDNEY R,GOWINGS,TS3194,AU,,,,,Gowings Building,45 Market Street,,Sydney,Australia,2000 NSW,,TS3194,,3403,3403,,,,,,,10241,,,,,,,,,,,,,,,,,,,,,,,,
,,,,,,Z GERMANY DUSSELDORF R,DUSSELDORF KAUFHAUF,TS3242,DE,,,,Topshop/topman,Galeria Kaufhof,Konigsallee 1-9,Dusseldorf 40212,,Germany,40212,,TS3242,,,,,,,,,,11174,,,,,,,,,,,,,,,,,,,,,,,,
,,,,,,Z GERMANY COLOGNE R,COLOGNE KAUFHOF,TS3274,DE,,,,c/o Topshop,Hohe Straße 41-53,50667 Köln (branch No.010),,Cologne,Germany,50667,,TS3274,,,,,,,,,,10113,,,,,,,,,,,,,,,,,,,,,,,,
,,,,,,Z GERMANY BONN R,BONN KAUFHOF,TS3287,DE,,,,c/o Topshop,Remigiusstraße 20-24,53111,,Bonn,Germany,53111,,TS3287,,,,,,,,,,5430,,,,,,,,,,,,,,,,,,,,,,,,
,,,,,,Z USA NEW YORK,NEW YORK (BROADWAY),TS6000,US,,,,Topshop,478 Broadway,,,New York,United States Of America,10013,,TS6000,TS6000,3000,3000,,,,,,,19800,,,,,,,,,,,,,,,,,,,,,,,,
,,,,,,Z USA NEW YORK,NEW YORK (FIFTH AVENUE),TS6080,US,,,,Topshop,608 Fifth Avenue,,,New York,United States Of America,NY10020,,TS6080,TS6080,2996,2996,,,,,,,23115,,,,,,,,,,,,,,,,,,,,,,,,
