,Host ID,Host Lat,Host Lng,TOWN,NAME,COUNTRY,Address1,Postcode,PNO,NSF,Branch IDs,Venue ID,Venue Name,Venue Distance,Venue Address,Venue Lat,Venue Lng,Venue Category
0,TM7157,53.5416716023565,-2.11224577491091,OLDHAM,OLDHAM,ENG,Unit 3,OL1 1XE,1361,2200,TM7157,4b7ec528f964a52010fe2fe3,JD Sports,2522,"['16-18 Arndale Centre, Barbarolli Mall', 'Manchester', 'M4 3AB', 'United Kingdom']",53.45931779283866,-2.2428121987419445,Sporting Goods Shop
1,TM7345,53.1896462036395,-2.8892523267285,CHESTER,CHESTER,ENG,12/14 St Michael's Square,CH1 1EE,1748,3300,"TM7345,TS0324",4df4af55ae609e69dd9dd0ad,JD Sports,167,"['9 Foregate Street', 'Chester', 'Cheshire', 'CH1 1HD', 'United Kingdom']",53.167487,-2.974228,Sporting Goods Shop
2,TM7782,51.520023146057504,-0.07425067734535,SHOREDITCH,SHOREDITCH,ENG,98 Commercial Street,E1 6LZ,968,1150,TM7782,4ac518f1f964a520ecad20e3,JD Sports,4555,"['197-203 Oxford Street', 'West End', 'Greater London', 'W1D 2LE', 'United Kingdom']",51.5152391,-0.1395672,Sporting Goods Shop
3,TM7815,54.52634986450111,-1.55435054934217,DARLINGTON,DARLINGTON,ENG,28-34 Northgate,DL1 1NR,1660,2478,TM7815,4e74781b1f6e072f1337d4ab,JD Sports,87,"['Unit 26 34 The Cornmill Sc', 'Darlington', 'DL1 1LS', 'United Kingdom']",54.526276,-1.553008,Sporting Goods Shop
4,TM7939,51.4106283,-0.3025727,KINGSTON,KINGSTON UPON THAMES,ENG,40 Clarence Street,KT1 1NR,7017,2097,TM7939,4c0f573a2466a5931e797a21,JD Sports,167,"['163 High Street', 'Sutton', 'Greater London', 'SM1 1JN', 'United Kingdom']",51.33364326384707,-0.3049785,Sporting Goods Shop
5,TM8134,55.86386266763021,-4.25318293851664,GLASGOW,GLASGOW BUCHANAN ST,SCO,The George Unit 1& 2,G1 2NG,404,8404,"TM8134,TS2876",4bf93d4f8d30d13ae8da0118,JD Sports,684,"['87-91 Argyle Street (St Enoch Shopping Centre)', 'Glasgow', 'Glasgow City', 'G2 8BJ', 'United Kingdom']",55.844825300000004,-4.433959,Sporting Goods Shop
6,TS0001,51.5155336,-0.141352,LONDON (OXFORD CIRCUS),OXFORD CIRCUS,ENG,214 Oxford Street,W1W 8LG,8512,69207,"TM7329,TS0001",4ac518f1f964a520ecad20e3,JD Sports,127,"['197-203 Oxford Street', 'West End', 'Greater London', 'W1D 2LE', 'United Kingdom']",51.428388,-0.167446,Sporting Goods Shop
7,TS0003,51.5744922,-0.22156460000000003,BRENT CROSS,BRENT CROSS,ENG,"Unit 72, Brent Cross Shopping Centre",NW4 3FP,780,11237,"TM7218,TS0003",4ac518f1f964a520ecad20e3,JD Sports,4334,"['197-203 Oxford Street', 'West End', 'Greater London', 'W1D 2LE', 'United Kingdom']",51.5152391,-0.280536,Sporting Goods Shop
8,TS0004,53.404741226549795,-2.98254078973347,LIVERPOOL,LIVERPOOL,ENG,22/36 Church Street,L1 3AY,1479,20200,"TM7256,TS0004",4bace318f964a520f6153be3,JD Sports,216,"['145-146 Charlotte Way St Johns Precinct (St Johns Precinct)', 'Liverpool', 'L1 1NA', 'United Kingdom']",53.34152680297333,-3.0263291000000003,Sporting Goods Shop
9,TS0005,54.956483089938004,-1.6689083161523,GATESHEAD (METRO),GATESHEAD METRO CENTRE,ENG,Unit 57 Cameron Walk,NE11 9YR,1813,10498,"TM7390,TS0005",4bc09ecdb492d13aee80a460,JD Sports,130,"['105A 106B B1-B7/9 The Gallery Metro Centre (Red Mall)', 'Gateshead', 'NE11 9YP', 'United Kingdom']",54.95711929952166,-1.6706176822090129,Sporting Goods Shop
10,TS0009,52.5849141267301,-2.1265319280354,WOLVERHAMPTON,WOLVERHAMPTON,ENG,12/13 Dudley Street,WV1 3EY,928,2585,"TM7159,TS0009",4c419349af052d7f9d887d79,JD Sports,118,"['Unit 14 Town Wharf Retail Park', 'Walsall', 'WS2 8LL', 'United Kingdom']",52.479636091840355,-2.127989,Sporting Goods Shop
11,TS0014,51.4610297313941,-0.30421890382246003,RICHMOND,RICHMOND,ENG,53/54 George Street,TW9 1HJ,640,2465,"TM7561,TS0014",4c0f573a2466a5931e797a21,JD Sports,5614,"['20 Church Street', 'Kingston', 'Greater London', 'KT1 1RJ', 'United Kingdom']",51.4105961,-0.3049785,Sporting Goods Shop
12,TS0018,52.4078284,-1.5110681333333302,COVENTRY,COVENTRY,ENG,54/56 Broadgate,CV1 1NF,13,4244,"TM7214,TS0018",4c0d1d4ab1b676b02811e086,JD Sports,104,"['Unit 40-44, 38 The Precinct', 'Coventry', 'CV1 1DE', 'United Kingdom']",52.320816,-1.5485,Sporting Goods Shop
13,TS0025,51.1147613295974,-0.186177566711947,CRAWLEY,CRAWLEY,ENG,Unit G,RH10 1ER,382,2725,"TM7101,TS0025",4e537e24fa766dacede54e3f,JD Sports,131,"['Aru11 South Terminal (LGW Airport)', 'West Sussex', 'RH6 0NP', 'United Kingdom']",51.11362940473109,-0.18563434481620789,Sporting Goods Shop
14,TS0028,50.8104466297461,-0.37090068667902204,WORTHING,WORTHING,ENG,21/23 Montague St,BN11 3HA,1502,2395,"TM7021,TS0028",5077eadee4b07d24af7a0a86,JD Sports,155,"['65 Montague Street', 'Worthing', 'West Sussex', 'BN11 3BN', 'United Kingdom']",50.8099969,-0.37299899999999997,Sporting Goods Shop
15,TS0030,50.69954131428571,-1.29515167142857,NEWPORT (IOW),NEWPORT IOW,ENG,20 St James Square,PO30 1UX,2120,1867,"TM7323,TS0030",4e57b2f67d8bf55c172b8892,JD Sports,67,"['110-112 High Street', 'Newport', 'Isle of Wight', 'PO30 1TJ', 'United Kingdom']",50.699739115311296,-1.296054124832153,Sporting Goods Shop
16,TS0032,51.509691948483706,-0.12290630193390199,LONDON (STRAND),STRAND,ENG,60/64 The Strand,WC2N 5LR,8515,3651,"TM8137,TS0032",4ac518f1f964a520ecad20e3,JD Sports,1309,"['197-203 Oxford Street', 'West End', 'Greater London', 'W1D 2LE', 'United Kingdom']",51.428388,-0.167446,Sporting Goods Shop
17,TS0035,51.3637800006178,-0.19380550618593498,SUTTON,SUTTON,ENG,137-145 High Street,SM1 1JQ,6023,2455,"TM7003,TS0035",4c0f573a2466a5931e797a21,JD Sports,119,"['163 High Street', 'Sutton', 'Greater London', 'SM1 1JN', 'United Kingdom']",51.33364326384707,-0.3049785,Sporting Goods Shop
18,TS0042,52.05886604724711,1.15431088614475,IPSWICH,IPSWICH,ENG,Unit 1,IP1 3BB,1868,3100,"TM7401,TS0042",4dda5438d4c05d50972d8bba,JD Sports,192,"['15 / 19 Westgate Street', 'Ipswich', 'Suffolk', 'IP1 3DR', 'United Kingdom']",52.05827618154913,1.1516600847244265,Sporting Goods Shop
19,TS0050,52.627002755273,1.2928123135246599,NORWICH,NORWICH,ENG,15/17 The Haymarket,NR2 1QL,8513,11500,"TM7232,TS0050",552f9959498e43895d1fe4f6,JD Sports,266,"['213 Merchants Hall Chapelfield Rd (Chapelfield Rd)', 'Norwich', 'Norfolk', 'NR2 1SU', 'United Kingdom']",52.625503995099365,1.2897428870201109,Sporting Goods Shop
20,TS0054,51.8484270078133,-0.38333415631641904,LUTON,LUTON,ENG,65-67 Arndale Centre,LU1 3TP,1474,3751,"TM7036,TS0054",4c39a9973849c928aaa1c1b1,JD Sports,1785,"['High Wycombe', 'Buckinghamshire', 'United Kingdom']",51.835648,-0.4155787825584412,Sporting Goods Shop
21,TS0057,53.59141210000001,-0.6486276,SCUNTHORPE,SCUNTHORPE,ENG,85/87 High Street,DN15 6LY,2180,1981,"TM7493,TS0057",51fcd166498ed0b6a69fef43,JD Sports,208,"['57 - 59 High Street', 'Scunthorpe', 'North Lincolnshire', 'DN15 6SB', 'United Kingdom']",53.59222860378956,-0.6457820534706116,Sporting Goods Shop
22,TS0058,55.8748242927602,-4.36400470703203,GLASGOW (BRAEHEAD PARK),BRAEHEAD PARK,SCO,Unit Lr42/lr43 Braehead Shopping Centre,G51 4BP,309,6400,"TM7813,TS0058",4e95865e722ed789ed0bf5e2,JD Sports,118,"['87-91 Argyle Street (St Enoch Shopping Centre)', 'Glasgow', 'Glasgow City', 'G2 8BJ', 'United Kingdom']",55.82106136560886,-4.433959,Sporting Goods Shop
23,TS0062,51.7514437497674,-0.33799150292311897,ST ALBANS,ST ALBANS,ENG,Unit 15,AL1 3HL,1602,4803,"TM7758,TS0062",4c39a9973849c928aaa1c1b1,JD Sports,6825,"['Hatfield Park Plaza, Comet Way (Comet Way)', 'Hatfield', 'Hertfordshire', 'AL10 0XX', 'United Kingdom']",51.749469540333045,-0.4712507128715515,Sporting Goods Shop
24,TS0063,52.2910216333333,-1.5347412666666698,LEAMINGTON SPA,LEAMINGTON SPA,ENG,4 Upper Mallstreet,CV32 4XT,1875,4300,"TM7193,TS0063",4d9dd22f5c33a35d530b0aa1,JD Sports,3446,['United Kingdom'],52.320816,-1.5485,Sporting Goods Shop
25,TS0065,53.7966088579932,-1.5427127939693002,LEEDS,LEEDS (TRINITY),ENG,44 Briggate,LS1 6HD,945,23550,"TM7202,TS0065",4bf90c63b182c9b6da5b785a,JD Sports,69,"['132 Briggate', 'Leeds', 'LS1 6HF', 'United Kingdom']",53.75814820000001,-1.6049748659133911,Sporting Goods Shop
26,TS0069,53.1448375484697,-1.19926521197409,MANSFIELD,MANSFIELD,ENG,Units 28-29,NG18 1SU,1841,3600,"TM7963,TS0069",4d308dc6d902236aa49354e4,JD Sports,65,"['5 East Mall Four Seasons Sc (East Mall)', 'Mansfield', 'Nottinghamshire', 'NG18 1SN', 'United Kingdom']",53.12532093389843,-1.2623955423279083,Sporting Goods Shop
27,TS0071,55.8575162318156,-4.25227214173861,GLASGOW,GLASGOW (ARGYLE ST),SCO,Unit 7/8,G2 8BJ,2167,13800,"TM7541,TS0071",4bf93d4f8d30d13ae8da0118,JD Sports,37,"['87-91 Argyle Street (St Enoch Shopping Centre)', 'Glasgow', 'Glasgow City', 'G2 8BJ', 'United Kingdom']",55.75972058202065,-4.433959,Sporting Goods Shop
28,TS0080,49.2066455,-2.1985384387445803,ST HELIER,JERSEY,JER,40 King Street,JE2 4WE,6044,1545,"TM7182,TS0080",4c7f9c0cd51ea143b1005b9f,JD Sports,7073,"['42 King St', 'St Helier', 'JE2 4WE', 'Jersey']",49.184661719838026,-2.107298939557211,Sporting Goods Shop
29,TS0088,56.1165394,-3.9334068999999996,STIRLING,STIRLING,SCO,Unit LSU2,FK8 2EA,1762,4300,"TM7088,TS0088",505c7c7ce4b0478c09b51e32,JD Sports,96,"['26 Thistle Centre (Goosecroft Rd)', 'Stirling', 'Stirlingshire', 'FK8 2EE', 'United Kingdom']",56.117401,-3.9334849999999997,Sporting Goods Shop
30,TS0100,51.537324501731995,-0.48735541143991606,UXBRIDGE,UXBRIDGE,ENG,"Unit 216, Upper Mall",UB8 1GE,530,1600,TM7196,4baf53ccf964a5202ef83be3,JD Sports,1165,"['12A Peascod St', 'Windsor', 'Berkshire', 'SL4 1DU', 'United Kingdom']",51.43513291664882,-0.6083850206934527,Sporting Goods Shop
31,TS0105,54.280936738948405,-0.402678817447179,SCARBOROUGH,SCARBOROUGH,ENG,Unit 29/30,YO11 1UE,1525,1390,"TM7067,TS0105",5017d704e4b06cec540a64cd,JD Sports,95,"['109 Westborough', 'Scarborough', 'North Yorkshire', 'YO11 1LD', 'United Kingdom']",54.28174277539518,-0.4021637754631229,Sporting Goods Shop
32,TS0108,54.0481482863929,-2.79983885053006,LANCASTER,LANCASTER,ENG,5-7 Penny Street,LA1 1UA,1666,2205,"TM7113,TS0108",55acdeff498e8f5c024df603,JD Sports,55,"['4-6 Penny Street', 'Lancaster', 'Lancashire', 'LA1 1UA', 'United Kingdom']",54.048635551678856,-2.800044612268493,Sporting Goods Shop
33,TS0116,50.94213187766021,-2.6305049962785803,YEOVIL,YEOVIL,ENG,"Unit 3, 5 Vicarage Walk",BA20 1EU,1678,2225,"TM7327,TS0116",5a8ece671f74405d2101d235,JD Sports,75,"['14 Vicarage Walk (Quedam Shopping Centre)', 'Somerset', 'BA20 1EU', 'United Kingdom']",50.94211361253809,-2.629433870315552,Sporting Goods Shop
34,TS0120,52.190682200000005,-2.2201673,WORCESTER,WORCESTER 2,ENG,Unit 3,WR1 2QE,1811,1572,"TM7006,TS0120",4d0391c3c2e53704c885b267,JD Sports,179,"['46 The Shambles', 'Worcester', 'Worcestershire', 'WR1 2RE', 'United Kingdom']",52.19223082901089,-2.219423353672028,Sporting Goods Shop
35,TS0122,53.7602751909851,-1.57011081173352,LEEDS (WHITE ROSE),LEEDS WHITE ROSE,ENG,White Rose Centre,LS11 8EW,2563,6096,"TM7106,TS0122",4bf90c63b182c9b6da5b785a,JD Sports,343,"['132 Briggate', 'Leeds', 'LS1 6HF', 'United Kingdom']",53.68390600000001,-1.7532795667648315,Sporting Goods Shop
36,TS0127,53.098128172773706,-2.44240318836414,CREWE,CREWE,ENG,Unit 2,CW1 2HH,1704,1921,"TM7331,TS0127",4cc6ad75b2beb1f7138c294c,JD Sports,72,"['Unit 1 14 Queensway (Unit 1)', 'Crewe', 'Cheshire', 'CW1 2HQ', 'United Kingdom']",53.098654500101155,-2.4417704343795776,Sporting Goods Shop
37,TS0128,53.741930531143,-0.3391427393783811,HULL,HULL PRINCES QUAY,ENG,Unit G39,HU1 2PQ,1902,2962,TS0128,52c987b8498eb44b7a145b2c,JD Sports,662,"['Unit 30 St Stephens Shopping Centre', 'Hull', 'Kingston upon Hull', 'HU2 8LN', 'United Kingdom']",53.745489673326794,-0.34721195697784424,Sporting Goods Shop
38,TS0131,53.566283719249704,-0.0868701091549724,GRIMSBY,GRIMSBY,ENG,Freshney Place,DN31 1QL,153,2111,TS0131,4e36cfb11f6e9e21ad5c428a,JD Sports,57,"['28-30 Friargate Freshney Place', 'Grimsby', 'North East Lincolnshire', 'DN31 1QR', 'United Kingdom']",53.566345656329965,-0.08774042129516603,Sporting Goods Shop
39,TS0132,54.1130490272727,-3.22627259090909,BARROW,BARROW IN FURNESS,ENG,10 Portland Walk,LA14 1DB,1449,2196,"TM7617,TS0132",509ce6fce4b091ce305a85b5,JD Sports,28,"['28 Portland Walk', 'Barrow', 'Cumbria', 'LA14 1DB', 'United Kingdom']",54.11285488624088,-3.226547241210937,Sporting Goods Shop
40,TS0141,50.76901075587979,0.284634715399217,EASTBOURNE,EASTBOURNE,ENG,Unit 6,BN21 3NW,1705,4100,"TM7333,TS0141",4cb2dff5db32f04d13ffd24d,JD Sports,131,"['44-45 The Beacon', 'Eastbourne', 'East Sussex', 'BN21 3NW', 'United Kingdom']",50.769021,0.28649600000000003,Sporting Goods Shop
41,TS0147,53.027537606986,-2.1758210315777298,HANLEY,HANLEY,ENG,Unit Msu 4-5,ST1 1PS,1861,5305,"TM7497,TS0147",4c8b88822e333704c4a9cd41,JD Sports,51,"['Unit 11 Castle Walk', 'Stoke-on-Trent', 'ST5 1AN', 'United Kingdom']",53.01128392363246,-2.224821299314499,Sporting Goods Shop
42,TS0157,53.8167730176622,-3.0538118416511804,BLACKPOOL,BLACKPOOL VICTORIA ST,ENG,18/22 Victoria Street,FY1 4RW,1296,3100,"TM7252,TS0157",4c9619a458d4b60c76e63729,JD Sports,114,"['Unit N23 Houndshill (17 Victoria St)', 'Blackpool', 'FY1 4HU', 'United Kingdom']",53.81592166358654,-3.052830775463121,Sporting Goods Shop
43,TS0160,53.411248812902,-2.1598757786249,STOCKPORT,STOCKPORT,ENG,37 Mersey Way,SK1 1PW,0937 4872,3300,"TM7945,TS0160",4b7ec528f964a52010fe2fe3,JD Sports,161,"['16-18 Arndale Centre, Barbarolli Mall', 'Manchester', 'M4 3AB', 'United Kingdom']",53.36173483911322,-2.309869,Sporting Goods Shop
44,TS0163,52.2386776333333,-0.893888266666667,NORTHAMPTON,NORTHAMPTON,ENG,5 Wood Street,NN1 2ED,1335,3114,"TM7269,TS0163",4e0476faa8090c0936a0dee2,JD Sports,99,"['18 Abington Street', 'Northampton', 'Northamptonshire', 'NN1 2AJ', 'United Kingdom']",52.237893991964114,-0.8945891261100769,Sporting Goods Shop
45,TS0164,54.5256559047588,-1.55381732998363,DARLINGTON,DARLINGTON,ENG,16 Cornmill Centre,DL1 1LS,876,2500,TS0164,4e74781b1f6e072f1337d4ab,JD Sports,86,"['Unit 26 34 The Cornmill Sc', 'Darlington', 'DL1 1LS', 'United Kingdom']",54.526276,-1.553008,Sporting Goods Shop
46,TS0166,51.236625590525996,-0.576625205060411,GUILDFORD,GUILDFORD,ENG,The Friary Centre,GU1 4YL,954,10900,"TM7205,TS0166",51811256498e62ca7702a95c,JD Sports,99,"['35 North Street', 'Guildford', 'Surrey', 'GU1 4TE', 'United Kingdom']",51.2359826269961,-0.5756315588951111,Sporting Goods Shop
47,TS0168,53.7583348666667,-2.69964586666667,PRESTON,PRESTON FISHERGATE,ENG,125/127 Fishergate,PR1 2AH,2552,8800,"TM7017,TS0168",4dca97ccd22da18f4e66c55b,JD Sports,43,"['17 / 19 Fishergate', 'Preston', 'Lancashire', 'PR1 3NN', 'United Kingdom']",53.757988251094005,-2.699938416481018,Sporting Goods Shop
48,TS0169,50.80062120000001,-1.0896173999999998,PORTSMOUTH,PORTSMOUTH,ENG,152/154 Commercial Road,PO1 1EX,930,4100,TS0169,4e4cee9422717c65aca204e0,JD Sports,135,"['222-224 Commercial Road', 'Portsmouth', 'Hampshire', 'PO1 1HG', 'United Kingdom']",50.80153509681171,-1.0883398354053495,Sporting Goods Shop
49,TS0170,50.2636733661224,-5.05232573500252,TRURO,TRURO,ENG,15/16 King Street,TR1 2RQ,2179,3607,"TM7526,TS0170",5b7f1093a2c00b002c692a87,JD Sports,212,"['Unit 2, Lemon Quay', 'Truro', 'Cornwall', 'TR1 2PU', 'United Kingdom']",50.26224148683408,-5.0503528118133545,Sporting Goods Shop
50,TS0172,51.4106283,-0.3025727,KINGSTON,KINGSTON UPON THAMES,ENG,34 Clarence Street,KT1 1NR,91,5324,TS0172,4c0f573a2466a5931e797a21,JD Sports,167,"['163 High Street', 'Sutton', 'Greater London', 'SM1 1JN', 'United Kingdom']",51.33364326384707,-0.3049785,Sporting Goods Shop
51,TS0174,50.903708,-1.4038498,SOUTHAMPTON,SOUTHAMPTON ABOVE BAR,ENG,33/35 Above Bar Street,SO1 7DX,1344,5812,"TM7207,TS0174",4cfa52162d80a143cad043d8,JD Sports,121,"['70 Above Bar St', 'Southampton', 'Hampshire', 'SO14 7DS', 'United Kingdom']",50.9043065087875,-1.4098790287971497,Sporting Goods Shop
52,TS0175,54.8944689,-2.9366504,CARLISLE,CARLISLE,ENG,18/24 English Street,CA3 8HX,1355,2800,"TM7276,TS0175",4ede33a20e61d46adc771c09,JD Sports,206,"['Unit 8 The Lanes Sc (The Lanes Shopping Centre)', 'Carlisle', 'Cumbria', 'CA3 8NS', 'United Kingdom']",54.89599513317822,-2.9348301887512207,Sporting Goods Shop
53,TS0176,52.573991856879395,-0.244771143481647,PETERBOROUGH,PETERBOROUGH,ENG,21/23 Queensgate Centre,PE1 1NH,1395,3900,"TM7279,TS0176",4e662dd82271573ad931a478,JD Sports,18,"['Su76 Queensgate Shopping Centre', 'Peterborough', 'PE1 1NS', 'United Kingdom']",52.573843999999994,-0.24490599999999998,Sporting Goods Shop
54,TS0177,53.3820640363904,-1.4684651895270802,SHEFFIELD,SHEFFIELD FARGATE,ENG,33/35 Fargate,S1 2HD,1385,6971,"TM7280,TS0177",4be691eb2457a5937bf5ac15,JD Sports,648,"['42, High Street, Meadowhall Sc (Meadowhall Shopping Centre)', 'Sheffield', 'S9 1EN', 'United Kingdom']",53.344007299999994,-1.4731080830097198,Sporting Goods Shop
55,TS0178,55.9528949214286,-3.1927830785714306,EDINBURGH,EDINBURGH PRINCES ST,SCO,30 Princes Street,EH2 2BY,1370,13666,"TM7281,TS0178",4d0e1bc5eea9b60c4508623f,JD Sports,268,"['14-16 Hanover Street', 'Edinburgh', 'EH2 2EN', 'United Kingdom']",55.93360004018467,-3.363257,Sporting Goods Shop
56,TS0183,52.040522499999994,-0.7563854,MILTON KEYNES,MILTON KEYNES STORE,ENG,32 Midsummer Place,MK9 3GA,488,7530,"TM7143,TS0183",4e6f2cce45dd49e0f1a833d7,JD Sports,272,"['29/35 Midsummer Place (thecentre:mk)', 'Milton Keynes', 'Buckinghamshire', 'MK9 3BG', 'United Kingdom']",52.011016999999995,-0.7577959533729199,Sporting Goods Shop
57,TS0185,-33.6483333,150.7344444,LONDONDERRY,LONDONDERRY,NI,Unit M7,BT48 6XY,426,4735,"TM8105,TS0185",5b7f3ce50457b7002caf4c21,JD Sports,12103,"['316 Level 2 Westfield Penrith, 585 High Street', 'Penrith NSW 2750', 'Australia']",-33.7516623,150.6937806,Sporting Goods Shop
58,TS0191,53.488484923474104,-2.09424579486343,ASHTON UNDER LYNE,ASHTON UNDER LYNE,ENG,51 Warrington Street,OL6 7JG,1540,1998,"TM7262,TS0191",4b7ec528f964a52010fe2fe3,JD Sports,6809,"['16-18 Arndale Centre, Barbarolli Mall', 'Manchester', 'M4 3AB', 'United Kingdom']",53.41021820947648,-2.2428121987419445,Sporting Goods Shop
59,TS0197,52.67679891689011,-2.44604497594654,TELFORD,TELFORD,ENG,"115 The Border, The Mall",TF3 4AE,1524,2067,"TM7305,TS0197",4d0a4b215edd548195dc049b,JD Sports,113,"['Unit 21-23 Sherwood Street', 'Telford', 'Telford and Wrekin', 'TF3 4BW', 'United Kingdom']",52.67578361051515,-2.446083426475525,Sporting Goods Shop
60,TS0200,52.7095985691259,-2.75257793335387,SHREWSBURY,SHREWSBURY,ENG,Unit Lru,SY1 1BN,1824,1930,"TM7028,TS0200",5c162e18bf7dde002c3a29a1,JD Sports,72,"['Shrewsbury', 'Shropshire', 'SY1 1DQ', 'United Kingdom']",52.709115000000004,-2.7533090000000002,Sporting Goods Shop
61,TS0216,51.3755876016704,-0.10105181753124799,CROYDON,CROYDON NORTH END,ENG,54 North End,CR0 1UG,5025,4440,"TM7189,TS0216",4c0f573a2466a5931e797a21,JD Sports,1,"['151-153 High Street', 'Bromley', 'Greater London', 'BR1 1JD', 'United Kingdom']",51.36485115254712,-0.20538747310638428,Sporting Goods Shop
62,TS0309,51.4666151,-0.0968000068121059,CANARY WHARF,CANARY WHARF,ENG,Topshop Unit 3 Canada Square,E14 5AB,497,2183,"TM8634,TS0309",4ac518f1f964a520ecad20e3,JD Sports,6171,"['197-203 Oxford Street', 'West End', 'Greater London', 'W1D 2LE', 'United Kingdom']",51.428388,-0.167446,Sporting Goods Shop
63,TS0317,51.8022826,-0.2039953,WELWYN GARDEN CITY,WELWYN GARDEN CITY,ENG,"Unit 14, The Howard Centre",AL8 6HA,5311,1622,TS0317,4c77a02b923ba143a78567e6,JD Sports,117,"['Hatfield Park Plaza, Comet Way (Comet Way)', 'Hatfield', 'Hertfordshire', 'AL10 0XX', 'United Kingdom']",51.760739,-0.240079,Sporting Goods Shop
64,TS0319,51.5779970169978,0.18325218516214603,ROMFORD,ROMFORD,ENG,Unit 5,RM1 3RL,5067,3770,"TM8488,TS0319",4c2b3c53ae6820a10a701743,JD Sports,41,"['131 High Street North', 'East Ham Central', 'Greater London', 'E6 1HZ', 'United Kingdom']",51.517395775703356,0.051830332686222384,Sporting Goods Shop
65,TS0328,51.73305928705379,0.472826944418891,CHELMSFORD,CHELMSFORD,ENG,1 High Chelmer,CM1 1XG,5020,3955,"TM7877,TS0328",4e27079d8877d0ffee866e30,JD Sports,19,"['Unit 7 Higher Chelmer', 'Chelmsford', 'Essex', 'CM1 1XG', 'United Kingdom']",51.73221802197107,0.47259700000000004,Sporting Goods Shop
66,TS0337,54.9063062753811,-1.38359956274905,SUNDERLAND,SUNDERLAND,ENG,Unit 21 The Bridges,SR1 3LD,433,4275,"TM7152,TS0337",4ef1f9270e617e29c6859566,JD Sports,80,"['Unit 42 The Bridges', 'Sunderland', 'SR1 3LB', 'United Kingdom']",54.900158,-1.531965,Sporting Goods Shop
67,TS0393,52.413018900000004,-1.7768935000000001,SOLIHULL,SOLIHULL,ENG,"Unit Su60, Touchwood Centre",B91 3QF,523,4000,"TM7174,TS0393",4c25ef82905a0f47a04d6260,JD Sports,183,"['165 High Street', 'Moseley and Kings Heath', 'West Midlands', 'B14 7DJ', 'United Kingdom']",52.412555,-1.8928080797195437,Sporting Goods Shop
68,TS0451,53.393269,-6.389946900000001,Z EIRE BLANCHARDSTOWN,BLANCHARDSTOWN,EIR,Unit 221,D15RF61,22,4384,"TM7654,TS0451",4b5346b9f964a520679527e3,JD Sports,9607,"['43-44 Mary Street', 'Dublin', 'Dublin City', 'Ireland']",53.28713049037214,-6.371030559109273,Sporting Goods Shop
69,TS0453,53.2892637,-9.01828611815232,Z EIRE GALWAY,GALWAY,EIR,Unit 9/10/11 Edward Square,H91 RKT0,469,2300,"TM7099,TS0453",53c2b61d498e354934044791,JD Sports,2725,"['Unit 128, Eyre Square Shopping Centre, Eyre Square', 'Galway', 'Co Galway', 'Ireland']",53.273357999999995,-9.0494109,Sporting Goods Shop
70,TS0518,55.883012300000004,-3.5170215428571403,LIVINGSTON,LIVINGSTON,SCO,313/314 Almondvale South,EH54 6GS,901,4612,"TM7394,TS0518",4e3187b8fa76b9130b72928f,JD Sports,69,"['Unit 325 The Elements', 'Livingston', 'West Lothian', 'EH54 6GS', 'United Kingdom']",55.8828676,-3.5159382000000003,Sporting Goods Shop
71,TS0520,51.8887129377415,0.9003846648142589,COLCHESTER,COLCHESTER,ENG,20 Culver Walk,CO1 1XJ,941,4500,"TM7187,TS0520",4c46d9a076d72d7fb73f3b4d,JD Sports,168,"['Unit 11 30 Culvar Street West Culver Square (Unit 11 Culver Sq)', 'Colchester', 'Essex', 'CO1 1WF', 'United Kingdom']",51.88899944224063,0.8979821205139159,Sporting Goods Shop
72,TS0526,52.24612961312221,0.7096927654927551,BURY ST EDMUNDS,BURY ST EDMUNDS,ENG,Unit 1/2,IP33 3FA,718,4360,"TM7400,TS0526",4d932349d176a1cd820132f0,JD Sports,218,"['Unit A Butter Market', 'Bury St Edmunds', 'Suffolk', 'IP33 1DB', 'United Kingdom']",52.24567557745533,0.7128191398810486,Sporting Goods Shop
73,TS0535,57.1489835711827,-2.10003791892695,ABERDEEN,ABERDEEN (BON ACCORD),SCO,"Unit 19a, Bon Accord Centre",AB25 1HZ,904,8139,"TM7484,TS0535",4c2f29b83896e21ed569e390,JD Sports,675,"['1 East Terrace, Union Square, Guild Square (Union Square)', 'Aberdeen', 'Aberdeen City', 'AB11 5RD', 'United Kingdom']",57.143374,-2.095788,Sporting Goods Shop
74,TS0554,52.1369496666667,-0.4693106333333329,BEDFORD,BEDFORD,ENG,"21/25 Harpur Centre, Midland Road",MK40 1PL,7174,2100,"TM7857,TS0554",4ff95801e4b054fbab556ba0,JD Sports,124,"['1-3 Silver Street', 'Bedford', 'MK40 1SY', 'United Kingdom']",52.1370680023802,-0.4675023257732392,Sporting Goods Shop
75,TS0647,53.5520279547262,-1.4798793889259898,BARNSLEY,BARNSLEY,ENG,20/22 Cheapside,S70 1RR,4708,3142,"TM7869,TS0647",5a8ecffc12138435918ff083,JD Sports,7708,"['Cortonwood Retail Park', 'Barnsley', 'S73 0UF', 'United Kingdom']",53.51025364452402,-1.3869589533729825,Sporting Goods Shop
76,TS0648,53.7488456086413,-2.4828031560296897,BLACKBURN,BLACKBURN,ENG,14/16 Spring Hill,BB1 7JB,4721,3000,"TM7937,TS0648",4eff071b7ee5f14f395c2b8d,JD Sports,89,"['Unit 24 Lord Square', 'Blackburn', 'Blackburn with Darwen', 'BB1 7NQ', 'United Kingdom']",53.748039,-2.482857,Sporting Goods Shop
77,TS0653,52.802571506924,-1.63162871004641,BURTON ON TRENT,BURTON ON TRENT,ENG,2/4 Swan Walk,DE14 1DD,4733,2630,"TM7818,TS0653",520762e411d2f0296477ffc0,JD Sports,64,"['Units 4-5, Coopers Square', 'Burton-on-Trent', 'Staffordshire', 'DE14 1HL', 'United Kingdom']",52.80203170809563,-1.631971299648285,Sporting Goods Shop
78,TS0654,54.77587200062321,-1.57742469645493,DURHAM,DURHAM,ENG,18 Silver Street,DH1 3RB,4761,2721,"TM7485,TS0654",4d98516061a3a1cd4dc8ca42,JD Sports,232,"['Unit 3 Arnison Shopping Park, Durham', 'Durham', 'DH1 5GB', 'United Kingdom']",54.776918410119826,-1.5829711000000002,Sporting Goods Shop
79,TS0656,50.852898242245104,-1.1780463730108302,FAREHAM,FAREHAM,ENG,"Unit 21, 13 Westbury Mall",PO16 0PE,4771,2200,"TM7946,TS0656",4e4cee9422717c65aca204e0,JD Sports,6028,"['222-224 Commercial Road', 'Portsmouth', 'Hampshire', 'PO1 1HG', 'United Kingdom']",50.80153509681171,-1.246531,Sporting Goods Shop
80,TS0659,51.062685859403,-0.32967819338751303,HORSHAM,HORSHAM,ENG,54 West Street,RH12 1PL,4788,1900,"TM7703,TS0659",4e3bdb6962e19d6109580a8c,JD Sports,83,"['17 Swan Walk', 'Horsham', 'West Sussex', 'RH12 1HQ', 'United Kingdom']",51.06332115094934,-0.330314040184021,Sporting Goods Shop
81,TS0671,53.4518765131608,-2.7368790030036605,ST HELENS,ST HELENS,ENG,1 Lagrange Avenue,WA10 1BN,4870,3500,TS0671,50e5a98de4b01e90712f258c,JD Sports,70,"['Unit 6B Cables Retail Park', 'Prescot', 'Knowsley', 'L34 5NQ', 'United Kingdom']",53.4266116,-2.7995482999999997,Sporting Goods Shop
82,TS0672,51.90336351791821,-0.20214385683436398,STEVENAGE,STEVENAGE,ENG,66/68 Queensway,SG1 1EG,4871,2440,"TM7751,TS0672",4e4e3bc3d4c0b6da5d6bf22d,JD Sports,50,"['91-93 Queensway', 'Stevenage', 'Hertfordshire', 'SG1 1EA', 'United Kingdom']",51.88038,-0.37507399999999996,Sporting Goods Shop
83,TS0707,54.59555065,-5.92807936503482,NEWTOWNABBEY,NEWTOWNABBEY,NI,"Unit 4, Abbey Centre",BT37 9UH,558,2026,"TM7195,TS0707",4d2e06f55d4ca1cd8faf141b,JD Sports,317,"['14 Donegall Place', 'Belfast', 'BT1 5BA', 'United Kingdom']",54.51215200000001,-6.050113,Sporting Goods Shop
84,TS0710,51.266429583094904,-1.08824790238093,BASINGSTOKE,BASINGSTOKE,ENG,7/8 Lower Ground Floor,RG21 7AW,566,4600,"TM7199,TS0710",4bae1386f964a5206c813be3,JD Sports,238,"['Unit 5 Festival Place, Basingstoke (Ground Level)', 'Basingstoke', 'Hampshire', 'RG21 7BE', 'United Kingdom']",51.264314,-1.087689,Sporting Goods Shop
85,TS0718,56.07252453414001,-3.4577479083400897,DUNFERMLINE,DUNFERMLINE,SCO,Kingsgate Centre,KY12 7QU,1723,2400,TS0718,577cc67f498e4378a7e1226c,JD Sports,159,"['Unit 19 The Kingsgate Sc', 'Dunfermline', 'Fife', 'KY12 7QU', 'United Kingdom']",56.071775058302094,-3.4599423558197486,Sporting Goods Shop
86,TS0723,52.4779817721622,-1.89356471976791,BIRMINGHAM,BIRMINGHAM BULLRING,ENG,Unit Msu2b,B5 4BF,570,20603,"TM7236,TS0723",4b831f50f964a52000f930e3,JD Sports,28,"['1 New Street', 'Birmingham', 'West Midlands', 'B2 4RF', 'United Kingdom']",52.41686055360401,-1.9919317960739136,Sporting Goods Shop
87,TS0726,55.8712370036407,-4.1432677592203,GLASGOW (FORT),GLASGOW FORT RETAIL PARK,SCO,Glasgow Fort Retail Park,G33 5AL,587,5500,"TM7242,TS0726",4bf93d4f8d30d13ae8da0118,JD Sports,272,"['186 Trongate (Glassford St)', 'Glasgow', 'Glasgow City', 'G1 5RY', 'United Kingdom']",55.790066009808605,-4.252762906745944,Sporting Goods Shop
88,TS0727,50.75320712733421,-1.84350489907249,BOURNEMOUTH(CASTLEPOINT),CASTLEPOINT,ENG,"Unit N1, Castle Point Shopping Centre",BH8 9UY,578,7112,"TM7243,TS0727",4dd7df58fa76ad96d12f285f,JD Sports,195,"['70 Commercial Road', 'Bournemouth', 'Dorset', 'BH2 5LR', 'United Kingdom']",50.718190031748506,-1.9802501840267723,Sporting Goods Shop
89,TS0731,53.7233177615814,-1.8583161846402299,HALIFAX,HALIFAX,ENG,Unit 22 Woolshops,HX1 1RU,607,1840,"TM7273,TS0731",4c5145ca3940be9a27359408,JD Sports,25,"['Unit 1 Kingsgate Shopping Centre', 'Huddersfield', 'Kirklees', 'HD1 2QB', 'United Kingdom']",53.64615310066369,-1.8580051951064436,Sporting Goods Shop
90,TS0732,54.86933645,-6.2794732192464995,BALLYMENA,BALLYMENA,NI,"Unit 52-53, Fairhill Shopping Centre",BT43 6UF,601,3500,"TM7275,TS0732",51cec195498e81b276b68bdb,JD Sports,252,"['55 56 Fairhill Shopping Centre', 'Ballymena', 'Ballymena District', 'BT43 6UF', 'United Kingdom']",54.869410162825716,-6.275532245635986,Sporting Goods Shop
91,TS0734,50.74467035,-1.8579809031809398,BOURNEMOUTH,BOURNEMOUTH,ENG,Unit 2,BH1 1BU,608,3700,"TM7278,TS0734",4dd7df58fa76ad96d12f285f,JD Sports,1564,"['70 Commercial Road', 'Bournemouth', 'Dorset', 'BH2 5LR', 'United Kingdom']",50.718190031748506,-1.9802501840267723,Sporting Goods Shop
92,TS0743,53.48398100000001,-2.2402409,MANCHESTER,MANCHESTER (ARNDALE),ENG,Msu3 Northern Ext,M4 3AQ,692,25573,"TM7299,TS0743",4b7ec528f964a52010fe2fe3,JD Sports,176,"['16-18 Arndale Centre, Barbarolli Mall', 'Manchester', 'M4 3AB', 'United Kingdom']",53.41021820947648,-2.401625,Sporting Goods Shop
93,TS0744,53.523963415689295,-1.13857158204181,DONCASTER,DONCASTER,ENG,24 Upper West Mall,DN1 1LF,639,6648,"TM7353,TS0744",4ff822a1e4b0f3316314010e,JD Sports,98,"['2-6 St Sepulchre Gate Frenchgate Sc (Frenchgate Shopping Centre)', 'Doncaster', 'DN1 1TD', 'United Kingdom']",53.52330500000001,-1.1372458,Sporting Goods Shop
94,TS0745,51.2751579182325,0.520847701585243,MAIDSTONE,MAIDSTONE FREMLINS CNTR,ENG,19/21 Fremlin Walk,ME14 1QG,627,6139,"TM7354,TS0745",4e770a2c1495be5171d05d9c,JD Sports,72,"['Unit 18A Hempstead Valley Sc', 'Gillingham', 'Kent', 'ME7 3PB', 'United Kingdom']",51.275347,0.519858,Sporting Goods Shop
95,TS0746,51.767187799999995,0.096197,HARLOW,HARLOW WATER GARDENS,ENG,"Unit 6, Water Gardens Shopping Centre",CM20 1AN,630,4000,"TM7355,TS0746",4e0c91a7d4c07c82a2dd714a,JD Sports,172,"['Unit 11 The Water Gardens Southgate', 'Harlow', 'Essex', 'CM20 1AB', 'United Kingdom']",51.719358559094594,-0.03848433494567871,Sporting Goods Shop
96,TS0747,52.95692885,-1.146972525,NOTTINGHAM,NOTTINGHAM (VICTORIA),ENG,136 Victoria Centre,NG1 3QD,635,15080,"TM7356,TS0747",4db175c5a86e63d2116b210c,JD Sports,187,"['30-32 Clumber Street', 'Nottingham', 'Nottinghamshire', 'NG1 3GB', 'United Kingdom']",52.95460901133932,-1.1477333307266235,Sporting Goods Shop
97,TS0748,51.276866288102596,1.08174945968111,CANTERBURY,CANTERBURY WHITEFRIARS,ENG,1-3 Whitefriars Street,CT1 2TA,637,10000,"TM7357,TS0748",55cdda67498ef8f118dc762a,JD Sports,313,"['36 High Street', 'Canterbury', 'Kent', 'CT1 2RY', 'United Kingdom']",51.27925723818299,1.0793718695640564,Sporting Goods Shop
98,TS0749,50.7252107559396,-3.52728097911406,EXETER,EXETER PRINCESSHAY,ENG,Exeter Princesshay,EX1 1GB,641,5298,"TM7358,TS0749",4fd3515be4b0052fbb754f6f,JD Sports,110,"['No: 22 Unit Su28 Princesshay', 'Exeter', 'Devon', 'EX1 1GE', 'United Kingdom']",50.72439197976415,-3.5281767754630664,Sporting Goods Shop
99,TS0750,-33.7946398,150.98134230000002,CRAIGAVON,CRAIGAVON,NI,"Unit C, Rushmere Shopping Centre",BT64 1AA,628,3100,"TM7359,TS0750",5aee782823a2e6002ccdc016,JD Sports,3243,"['Parramatta NSW 2150', 'Australia']",-33.817489,151.003108,Sporting Goods Shop
100,TS0753,53.79470785,-1.7499280477804398,BRADFORD,BRADFORD BROADWAY,ENG,Unit Msuo3,BD11US,1020,4536,"TM7479,TS0753",4c5145ca3940be9a27359408,JD Sports,486,"['Unit 2 Forster Square (Valley Rd.)', 'Bradford', 'BD1 4AG', 'United Kingdom']",53.723188914009974,-1.8580051951064436,Sporting Goods Shop
101,TS0759,53.546574791431105,-2.6293631786429,WIGAN,WIGAN,ENG,Unit 1,WN1 1BH,720,4932,"TM7366,TS0759",4e7cbccfb0fbfe3c1647ba41,JD Sports,74,"['22 Market Walk Sc', 'Chorley', 'Lancashire', 'PR7 1DE', 'United Kingdom']",53.45181935873133,-2.7358263731002808,Sporting Goods Shop
102,TS0763,53.389943200000005,-2.5945259999999997,WARRINGTON,WARRINGTON,ENG,Unit Su3,WA1 1QB,739,7000,"TM7369,TS0763",4c1f44335668b713b49ef569,JD Sports,173,"['Su40 Golden Square', 'Warrington', 'WA1 1QP', 'United Kingdom']",53.32783030977396,-2.7358263731002808,Sporting Goods Shop
103,TS0765,52.919655031578905,-1.47323935263158,DERBY,DERBY,ENG,Su208/307,DE1 2PQ,741,8400,"TM7370,TS0765",4f49060ee4b0c8396045504f,JD Sports,119,"['Su310 & 259 The Eagle Centre', 'Derbyshire', 'DE1 2PL', 'United Kingdom']",52.918595999999994,-1.472944,Sporting Goods Shop
104,TS0766,53.3390493,-6.2569508,Z EIRE DUBLIN (ST STEPH),DUBLIN ST STEPHENS,EIR,6-7 St Stephens Green,D02 X827,705,14135,TS0766,4b5346b9f964a520679527e3,JD Sports,1256,"['43-44 Mary Street', 'Dublin', 'Dublin City', 'Ireland']",53.28664913743767,-6.2657193644180325,Sporting Goods Shop
105,TS0768,51.67193505,-0.0332490756229035,ENFIELD,ENFIELD,ENG,12 Hutton Walk,EN2 6BH,717,4605,"TM7378,TS0768",4c712724d7fab1f7db6b60c9,JD Sports,4074,"['22 North Mall', 'Edmonton', 'Greater London', 'N9 0EQ', 'United Kingdom']",51.567386579584216,-0.10692239999999999,Sporting Goods Shop
106,TS0769,51.6295891588696,-0.755162098834289,HIGH WYCOMBE,HIGH WYCOMBE,ENG,Unit 43,HP11 2BY,738,4390,"TM7392,TS0769",50cdc081e4b09a6d9e5cc38a,JD Sports,80,"['Unit 51, Eden Centre', 'High Wycombe', 'Buckinghamshire', 'HP11 2BZ', 'United Kingdom']",51.62937306766141,-0.7540547847747803,Sporting Goods Shop
107,TS0772,53.9574,-1.0799466,YORK,YORK COPPERGATE,ENG,3 St Mary's Square,YO1 9NY,708,10300,"TM7938,TS0772",4d43fdeebf61a1cdf1dc03ac,JD Sports,403,"['Unit 2 3-7 Coney Street (Unit 2)', 'York', 'North Yorkshire', 'YO1 9QL', 'United Kingdom']",53.95976460709815,-1.0846175998449326,Sporting Goods Shop
108,TS0773,51.864724629642105,-2.24532325446425,GLOUCESTER,GLOUCESTER,ENG,8-8a Eastgate Street,GL1 1PA,712,4000,"TM7948,TS0773",4bfd2c7d83bbd13a23ef62c5,JD Sports,90,"['Unit 8A, Market Way', 'Gloucester', 'Gloucestershire', 'GL1 1QH', 'United Kingdom']",51.86398233096751,-2.244783639907837,Sporting Goods Shop
109,TS0784,51.4048474272514,0.0153298535955656,BROMLEY,BROMLEY,ENG,145 High St,BR1 1JD,747,12010,"TM7844,TS0784",4c3842d63849c928ea31bfb1,JD Sports,5,"['122-124 High Street', 'Eltham', 'Greater London', 'SE9 1BJ', 'United Kingdom']",51.37557944937755,-0.11496618390083313,Sporting Goods Shop
110,TS0785,54.57522686077821,-1.23690921624681,MIDDLESBROUGH,MIDDLESBROUGH,ENG,92 Linthorpe Road,TS1 2JZ,750,9030,"TM7778,TS0785",4cb1b056ef1b370495364500,JD Sports,77,"['The Cleveland Sc', 'Middlesbrough', 'TS1 2NR', 'United Kingdom']",54.557325526925666,-1.314524093254022,Sporting Goods Shop
111,TS0786,55.94857066985951,-4.7588224627108495,GREENOCK,GREENOCK,SCO,30 Hamilton Way,PA15 1RH,4079,1100,TS0786,5a8ece355a2c9117b2ed4d12,JD Sports,30,"['Hamilton Way', 'Greenock', 'Inverclyde', 'PA15 1JW', 'United Kingdom']",55.948572,-4.759311,Sporting Goods Shop
112,TS0857,53.7454256852662,-0.349511797437794,HULL,HULL ST STEPHENS CENTRE,ENG,"Unit 12, 13",HU2 8LN,787,8400,"TM7445,TS0857",52c987b8498eb44b7a145b2c,JD Sports,151,"['Unit 30 St Stephens Shopping Centre', 'Hull', 'Kingston upon Hull', 'HU2 8LN', 'United Kingdom']",53.745489673326794,-0.34721195697784424,Sporting Goods Shop
113,TS0864,51.5304006,-3.2510664,CARDIFF,CARDIFF,WAL,Unit 1 Andrews Buildings,CF10 2AS,699,19487,"TM7491,TS0864",4bfa80a85efe2d7ff6a96d34,JD Sports,5648,"['1A Cardiff Bay Retail Park (Cardiff Bay)', 'Cardiff', 'CF11 0JR', 'United Kingdom']",51.45696519018271,-3.3801094,Sporting Goods Shop
114,TS0870,54.59555065,-5.92807936503482,BELFAST,BELFAST VICTORIA SQUARE,NI,Msu2 Victoria Square,BT1 4QG,806,19502,"TM7513,TS0870",4d2e06f55d4ca1cd8faf141b,JD Sports,317,"['14 Donegall Place', 'Belfast', 'BT1 5BA', 'United Kingdom']",54.51215200000001,-6.050113,Sporting Goods Shop
115,TS0873,51.5140982676524,-0.0949137630593093,LONDON (CITY),CHEAPSIDE,ENG,Unit Msu1,EC2V 6AH,820,10300,"TM7580,TS0873",4ac518f1f964a520ecad20e3,JD Sports,3095,"['197-203 Oxford Street', 'West End', 'Greater London', 'W1D 2LE', 'United Kingdom']",51.5152391,-0.1395672,Sporting Goods Shop
116,TS0874,51.507417385242704,-0.221360685945052,LONDON (WHITE CITY),WHITE CITY,ENG,2039-2041,W12 7GE,798,18581,"TM7588,TS0874",4ac518f1f964a520ecad20e3,JD Sports,5733,"['197-203 Oxford Street', 'West End', 'Greater London', 'W1D 2LE', 'United Kingdom']",51.428388,-0.280536,Sporting Goods Shop
117,TS0875,51.3376625237768,-0.7464890586575601,CAMBERLEY,CAMBERLEY,ENG,3/5 Cambridge Walk,GU15 3SW,7192,1900,"TM7589,TS0875",4bf7d65e5ec320a1899287d3,JD Sports,50,"['52-53 The Mall Wellington Sc', 'Aldershot', 'Hampshire', 'GU11 1DB', 'United Kingdom']",51.248995,-0.765137,Sporting Goods Shop
118,TS0879,50.3723172288433,-4.13816895222987,PLYMOUTH,PLYMOUTH,ENG,Unit 43/44 Drakes Circus,PL1 1EA,799,7549,"TM7598,TS0879",568a8ec5498e71639f174885,JD Sports,21,"['52 New George St', 'Plymouth', 'Devon', 'PL1 1RR', 'United Kingdom']",50.37142962178803,-4.144796133041382,Sporting Goods Shop
119,TS0880,52.204510876898794,0.12243169040014999,CAMBRIDGE,CAMBRIDGE,ENG,Unit Su 15 & 42,CB2 3AX,802,12600,"TM7609,TS0880",4bb606d36edc76b04848301c,JD Sports,114,"['Units 30-31 32 Lion Yard', 'Cambridge', 'Cambridgeshire', 'CB2 3NA', 'United Kingdom']",52.20478112557175,0.12080535292625427,Sporting Goods Shop
120,TS0885,55.822110654937106,-4.34221124806501,GLASGOW (SILVERBURN),GLASGOW SILVERBURN,SCO,Silverburn Shopping Centre,G53 6AG,807,5819,"TM7612,TS0885",4e95865e722ed789ed0bf5e2,JD Sports,121,"['87-91 Argyle Street (St Enoch Shopping Centre)', 'Glasgow', 'Glasgow City', 'G2 8BJ', 'United Kingdom']",55.82106136560886,-4.433959,Sporting Goods Shop
121,TS0891,54.9731943184377,-1.61659043304394,NEWCASTLE UPON TYNE,NEWCASTLE ELDON SQUARE,ENG,Units 3-7 St. Andrews Way,NE1 7XD,870,15088,"TM7664,TS0891",4bc09ecdb492d13aee80a460,JD Sports,381,"['105A 106B B1-B7/9 The Gallery Metro Centre (Red Mall)', 'Gateshead', 'NE11 9YP', 'United Kingdom']",54.95711929952166,-1.6706176822090129,Sporting Goods Shop
122,TS0893,53.6849427953932,-1.4965429509119499,WAKEFIELD,WAKEFIELD,ENG,Unit G11 & G12,WF1 1QR,939,5000,"TM7361,TS0893",4bf90c63b182c9b6da5b785a,JD Sports,130,"['132 Briggate', 'Leeds', 'LS1 6HF', 'United Kingdom']",53.68390600000001,-1.5738823,Sporting Goods Shop
123,TS0894,51.482579474247,-0.610993674951536,WINDSOR,WINDSOR,ENG,33 King Edward Court,SL4 1TG,830,3683,TS0894,4baf53ccf964a5202ef83be3,JD Sports,181,"['12A Peascod St', 'Windsor', 'Berkshire', 'SL4 1DU', 'United Kingdom']",51.43513291664882,-0.6083850206934527,Sporting Goods Shop
124,TS0931,52.63624368976439,-1.13528680957916,LEICESTER,LEICESTER,ENG,Units 87/88 & 108/109,LE1 4FQ,838,8855,"TM7740,TS0931",4d1b517883c5a1cda8d52a4e,JD Sports,73,"['Unit 5B, Fosse Shopping Park', 'Leicester', 'LE19 1HX', 'United Kingdom']",52.59717,-1.1791906,Sporting Goods Shop
125,TS0933,53.4146877148088,-1.40932402799025,SHEFFIELD (MEADOWHALL),MEADOWHALL,ENG,9/15 Park Lane,S9 1EL,853,15500,"TM7741,TS0933",4be691eb2457a5937bf5ac15,JD Sports,231,"['42, High Street, Meadowhall Sc (Meadowhall Shopping Centre)', 'Sheffield', 'S9 1EN', 'United Kingdom']",53.344007299999994,-1.4731080830097198,Sporting Goods Shop
126,TS0934,53.43022975,-7.89766989616603,Z EIRE ATHLONE,ATHLONE,EIR,Unit 36,N37 NN28,850,2200,TS0934,4dd3e83e45dd98b61e772c6f,JD Sports,2651,"['Unit 52 Athlone Town Centre', 'Athlone', 'Co Westmeath', 'Ireland']",53.42355500000001,-7.9360473,Sporting Goods Shop
127,TS0938,51.452962899999996,-0.97187085,READING,READING ORACLE CTR,ENG,"Unit 43, Town Mall",RG1 2AS,171,10800,"TM7096,TS0938",4bb5ec762ea1952174e3aa2f,JD Sports,343,"['52 Broad Street', 'Reading', 'RG1 2AA', 'United Kingdom']",51.45582619146551,-0.9736995398998259,Sporting Goods Shop
128,TS0961,51.4584164662284,-2.58567655445041,BRISTOL,BRISTOL CABOT CIRCUS,ENG,Lower Ground Su25,BS1 3BA,724,12819,"TM7760,TS0961",4b05883ef964a52043ba22e3,JD Sports,57,"['Lr40 Lower Level The Mall, Cribbs Causeway (Cribbs Causeway)', 'Bristol', 'BS34 5UP', 'United Kingdom']",51.4481915,-2.5957777,Sporting Goods Shop
129,TS0962,51.561891700000004,-1.7861816000000001,SWINDON,SWINDON,ENG,Su1,SN1 1BL,897,3800,"TM7761,TS0962",4cac678e2f08236a9a508b61,JD Sports,65,"['Unit 5 Canal Walk Bridge Street (Bridge St)', 'Swindon', 'SN1 1LD', 'United Kingdom']",51.561306366163095,-1.7861607670783997,Sporting Goods Shop
130,TS1012,53.46255895,-2.34611903044906,MANCHESTER (TRAFFORD C),TRAFFORD CENTRE,ENG,130-134 Regent Crescent,M17 8AF,1056,26093,"TM7788,TS1012",4b7ec528f964a52010fe2fe3,JD Sports,482,"['16-18 Arndale Centre, Barbarolli Mall', 'Manchester', 'M4 3AB', 'United Kingdom']",53.466613,-2.401625,Sporting Goods Shop
131,TS1036,56.45909048745379,-2.9745813958125096,DUNDEE,DUNDEE,SCO,L12 -14 Overgate,DD1 1UE,927,4462,"TM7380,TS1036",56e81290cd1005bb81bf1865,JD Sports,37,"['Unit L1 Overgate Sc', 'Dundee', 'Dundee City', 'DD1 1UF', 'United Kingdom']",56.4593799,-2.9742761000000004,Sporting Goods Shop
132,TS1040,51.13422665,0.264452066666667,TUNBRIDGE WELLS,TUNBRIDGE WELLS,ENG,13-17 Calverley Road,TN1 2TB,916,6425,"TM7868,TS1040",5a8ecf9e7dc9e1114ef20a51,JD Sports,165,"['117-119, Royal Victoria Place', 'Tunbridge Wells', 'Kent', 'TN1 2SS', 'United Kingdom']",51.135011,0.266473,Sporting Goods Shop
133,TS1041,54.15373100000001,-4.5361958,DOUGLAS (IOM),DOUGLAS IOM,IOM,32/36 Strand Centre,IM1 2ER,976,3012,"TM7872,TS1041",5a8ecffd51950e7c14d44094,JD Sports,3711,"['62-66 Strand Street', 'Douglas', 'IM1 2LY', 'Isle of Man']",54.1521145,-4.4793224,Sporting Goods Shop
134,TS1049,51.57001952361421,0.464007872057603,BASILDON,BASILDON,ENG,24/25 Eastgate Centre,SS14 1AE,946,3200,"TM7944,TS1049",528696b5498e217cc9ab8e8e,JD Sports,361,"['92 Town Square', 'Basildon', 'Essex', 'SS14 1BX', 'United Kingdom']",51.57009473727974,0.4587838053703308,Sporting Goods Shop
135,TS1054,51.4997736386709,-0.164214811164383,LONDON (KNIGHTSBRIDGE),KNIGHTSBRIDGE,ENG,70 Brompton Road,SW3 1ER,910,10190,"TM7014,TS1054",4ac518f1f964a520ecad20e3,JD Sports,2424,"['197-203 Oxford Street', 'West End', 'Greater London', 'W1D 2LE', 'United Kingdom']",51.428388,-0.167446,Sporting Goods Shop
136,TS1055,50.836318,-0.7781004142857142,CHICHESTER,CHICHESTER,ENG,89-91 East Street,PO19 1HA,936,4198,"TM7069,TS1055",4ede4d065c5c96a202d6d0b8,JD Sports,9417,"['13 London Road', 'Bognor Regis', 'West Sussex', 'PO21 1PQ', 'United Kingdom']",50.78401411394586,-0.6728678876493177,Sporting Goods Shop
137,TS1064,53.595192509195606,-2.2907951153432204,BURY,BURY,ENG,Unit E03 The Rock,BL9 0JL,932,4000,"TM7172,TS1064",4c6aca2f897b1b8d72b1b217,JD Sports,153,"['37 Market Place', 'Bolton', 'Lancashire', 'BL1 2AL', 'United Kingdom']",53.50143612114339,-2.4298163386727083,Sporting Goods Shop
138,TS1081,51.45488658,-0.19292479999999998,WANDSWORTH,WANDSWORTH,ENG,"Unit 42/44, High Street",SW18 4TF,947,3000,TS1081,4ac518f1f964a520ecad20e3,JD Sports,3438,"['197-203 Oxford Street', 'West End', 'Greater London', 'W1D 2LE', 'United Kingdom']",51.4105961,-0.3049785,Sporting Goods Shop
139,TS1082,57.478812600000005,-4.2205434,INVERNESS,INVERNESS,SCO,"Units 63, 64 & 65 Eastgate Shopping Centre",IV2 3PP,966,4500,"TM7217,TS1082",4faa5ccfe4b0387cf18e8795,JD Sports,2608,"['Unit 6A Inverness Retail Park', 'Inverness', 'Highland', 'IV2 7GD', 'United Kingdom']",57.48104490516315,-4.1771483472214195,Sporting Goods Shop
140,TS1090,51.543630683333305,-0.0072226,STRATFORD (WESTFIELD),STRATFORD WESTFIELD,ENG,"Su 2016, 223-224 The Arcade",E20 1EQ,964,19500,"TM7428,TS1090",4ac518f1f964a520ecad20e3,JD Sports,4534,"['197-203 Oxford Street', 'West End', 'Greater London', 'W1D 2LE', 'United Kingdom']",51.5152391,-0.1395672,Sporting Goods Shop
141,TS1214,51.434012,-0.5110439999999999,STAINES,STAINES,ENG,15/16 South Mall,TW18 4QT,967,3300,"TM7655,TS1214",4baf53ccf964a5202ef83be3,JD Sports,126,"['12A Peascod St', 'Windsor', 'Berkshire', 'SL4 1DU', 'United Kingdom']",51.319715,-0.6083850206934527,Sporting Goods Shop
142,TS1232,51.48742562733211,0.283780895739933,THURROCK (LAKESIDE),LAKESIDE,ENG,334/336 Lakeside Shopping Centre,RM20 2ZH,957,17650,"TM7709,TS1232",4c2b49be77cfe21ee934b4f1,JD Sports,85,"['L071 Lower Thames Walk (Bluewater Shopping Centre)', 'Kent', 'DA9 9SL', 'United Kingdom']",51.438532815053904,0.14783263206481936,Sporting Goods Shop
143,TS1248,50.82350585635321,-0.145863321102155,BRIGHTON,BRIGHTON,ENG,Unit Msu 7,BN1 2TE,994,14185,"TM7726,TS1248",4b05884af964a520aabc22e3,JD Sports,26,"['Unit 1 Churchill Square', 'Brighton', 'East Sussex', 'BN1 2TA', 'United Kingdom']",50.823516999999995,-0.14624600000000001,Sporting Goods Shop
144,TS1273,52.771299725,-1.206875325,LOUGHBOROUGH,LOUGHBOROUGH,ENG,17 Carillion Court,LE11 3EA,969,2700,"TM8106,TS1273",4b94fb26f964a520488a34e3,JD Sports,329,"['Market St', 'Loughborough', 'Leicestershire', 'United Kingdom']",52.76165282,-1.20754795,Sporting Goods Shop
145,TS1274,51.522913232647,-0.721018695787853,MAIDENHEAD,MAIDENHEAD,ENG,45-49 Nicholson Shopping Centre,SL6 1PY,973,2750,"TM8114,TS1274",4ca86cac76d3a093288c156b,JD Sports,8997,"['12A Peascod St', 'Windsor', 'Berkshire', 'SL4 1DU', 'United Kingdom']",51.48269510596993,-0.7540547847747803,Sporting Goods Shop
146,TS1291,55.7601775550406,-4.18278677513311,EAST KILBRIDE,EAST KILBRIDE,SCO,Unit Lr1/2,G74 1LL,980,3840,"TM8394,TS1291",4bd805f50b779c74be3a06a0,JD Sports,207,"['186 Trongate (Glassford St)', 'Glasgow', 'Glasgow City', 'G1 5RY', 'United Kingdom']",55.75972058202065,-4.252762906745944,Sporting Goods Shop
147,TS1312,55.459779299999994,-4.6264503,AYR,AYR,SCO,Unit 6,KA7 1TN,981,3500,"TM8412,TS1312",58a878e7a55db02433fa0d2d,JD Sports,38,"['Unit 5 Ayr Central', 'Ayr', 'South Ayrshire', 'KA7 1TN', 'United Kingdom']",55.4600756,-4.6261454,Sporting Goods Shop
148,TS1313,50.88523304268129,-1.24632432605335,WHITELEY,WHITELEY VILLAGE,ENG,Whiteley Way,PO15 7PD,988,5000,"TM8413,TS1313",51d1c687498e62b1c62be52e,JD Sports,36,"['Unit B4, Whiteley Valley', 'Fareham', 'Hampshire', 'PO15 7LL', 'United Kingdom']",50.885534,-1.246531,Sporting Goods Shop
149,TS1319,51.513261,-0.159628,LONDON (MARBLE ARCH),MARBLE ARCH,ENG,536-540 Oxford Street,W1C 1LS,805,6620,"TM8757,TS1319",4ac518f1f964a520ecad20e3,JD Sports,1407,"['197-203 Oxford Street', 'West End', 'Greater London', 'W1D 2LE', 'United Kingdom']",51.428388,-0.167446,Sporting Goods Shop
150,TS1321,51.31990382432161,-0.5604018309239089,WOKING,WOKING,ENG,Unit 46,GU21 6GD,989,3000,"TM8420,TS1321",4bf7d65e5ec320a1899287d3,JD Sports,94,"['35 North Street', 'Guildford', 'Surrey', 'GU1 4TE', 'United Kingdom']",51.2359826269961,-0.7462441921234131,Sporting Goods Shop
151,TS1354,51.439395899999994,0.2711872,DARTFORD (BLUEWATERPARK),BLUEWATER PARK,ENG,"Unit 27-58, Upper Rose Gallery",DA9 9SP,992,14800,"TM8487,TS1354",4c2b49be77cfe21ee934b4f1,JD Sports,142,"['L071 Lower Thames Walk (Bluewater Shopping Centre)', 'Kent', 'DA9 9SL', 'United Kingdom']",51.438532815053904,0.14783263206481936,Sporting Goods Shop
152,TS2806,51.5252091993175,-2.59573012402087,BRISTOL (CRIBBSCAUSEWAY),BRISTOL CRIBBS CAUSEWAY,ENG,"Unit 49 Lower Level, The Mall",BS34 5GG,985,6200,"TM8451,TS2806",4b05883ef964a52043ba22e3,JD Sports,8,"['Lr40 Lower Level The Mall, Cribbs Causeway (Cribbs Causeway)', 'Bristol', 'BS34 5UP', 'United Kingdom']",51.4481915,-2.5957777,Sporting Goods Shop
153,TS2851,53.64597489769879,-1.7791979326777398,HUDDERSFIELD,HUDDERSFIELD KINGSGATES,ENG,Unit 26 Kingsgates Centre,HD1 2QB,995,4500,"TM8475,TS2851",4c711a8ab5a5236abe195252,JD Sports,37,"['Unit 1 Kingsgate Shopping Centre', 'Huddersfield', 'Kirklees', 'HD1 2QB', 'United Kingdom']",53.64615310066369,-1.8580051951064436,Sporting Goods Shop
154,TS2879,51.7514758745725,-1.2593504284495,OXFORD,OXFORD,ENG,22 Queen Street,OX1 1EP,1061,10100,"TM8571,TS2879",55f17b71498e8a4f3bcf3dd4,JD Sports,292,"['Unit 3 John Allen Cr, Btn Towns Road, Cowley', 'Oxford', 'Oxfordshire', 'OX4 3JP', 'United Kingdom']",51.733754599391176,-1.2613999843597412,Sporting Goods Shop
155,TS2880,52.562091318070706,-1.82560476233488,SUTTON COLDFIELD,SUTTON COLDFIELD,ENG,204 The Parade,B72 1PB,1021,3000,"TM8573,TS2880",4b831f50f964a52000f930e3,JD Sports,48,"['1 New Street', 'Birmingham', 'West Midlands', 'B2 4RF', 'United Kingdom']",52.47436380618179,-1.98678195476532,Sporting Goods Shop
156,TS2881,52.482058345016796,-2.11120199888267,DUDLEY (MERRY HILL),DUDLEY MERRY HILL,ENG,"Unit L81, The Merry Hill Centre",DY5 1SN,1024,9000,"TM8572,TS2881",4cfa84f6dccef04df8c9b59c,JD Sports,278,"['Selly Oak Shopping Park', 'Selly Oak', 'West Midlands', 'B29 6SJ', 'United Kingdom']",52.44238243695448,-2.127989,Sporting Goods Shop
157,TS2884,51.65471701244039,-0.393358439198212,WATFORD,WATFORD,ENG,Unit 123,WD17 2TH,1243,2775,"TM8577,TS2884",4b98f1aaf964a520b95735e3,JD Sports,71,"['St Anns Road', 'Harrow on the Hill', 'Greater London', 'HA1 1JX', 'United Kingdom']",51.581607399999996,-0.4712507128715515,Sporting Goods Shop
158,TS2892,52.37147884,4.89189362,Z HOLLAND AMSTERDAM R,KALVERSTRAAT,NL,Unit 48/52,1012PE,3500,10203,"TM8580,TS2892",56276132498e87d33210ebfd,JD Sports,362,"['196 Nieuwendijk', '1012 MV Amsterdam', 'Nederland']",52.35448163822464,4.890640588954966,Sporting Goods Shop
159,TS2954,51.7478196768204,-0.47316883422324896,HEMEL HEMPSTEAD,HEMEL HEMPSTEAD,ENG,Unit 6/7/8,HP1 1BT,1033,3123,"TM8616,TS2954",4bc34f68461576b0d56e7e32,JD Sports,226,"['High Wycombe', 'Buckinghamshire', 'United Kingdom']",51.655268,-0.4712507128715515,Sporting Goods Shop
160,TS3044,53.581407207600606,-2.4300211359163,BOLTON,BOLTON,ENG,Unit 19,BL1 2AL,1066,4000,"TM8668,TS3044",4cce650a97d0224b3ba86bb8,JD Sports,16,"['37 Market Place', 'Bolton', 'Lancashire', 'BL1 2AL', 'United Kingdom']",53.49935409259885,-2.534621,Sporting Goods Shop
161,TS3105,51.4895589,6.885919599999999,Z GERMANY OBERHAUSEN R,CENTRO OBERHAUSEN,DE,Centroallee 118/119,46047,3505,8900,"TM8667,TS3105",56152356498ecc7410c60e0c,JD Sports,9019,"['Limbecker Platz 1a', '45127 Essen', 'Deutschland']",51.45840581989808,7.006005048751831,Sporting Goods Shop
162,TS3112,51.41603081081121,-0.7495101843118329,BRACKNELL,BRACKNELL,ENG,1 Braccan Walk,RG12 1BE,1019,4135,"TM8712,TS3112",4bf7d65e5ec320a1899287d3,JD Sports,119,"['UNIT 7, BRACCAN WALK, THE LEXICON SC', 'Bracknell', 'Bracknell Forest', 'RG12 1BE', 'United Kingdom']",51.33809062678435,-0.7488416,Sporting Goods Shop
163,TS3129,52.52027755,13.404729622302899,Z GERMANY BERLIN R,BERLIN KAUFHOF,DE,Galeria Kaufhof,10178,3508,9759,"TM8721,TS3129",5a8eced8f8cbd46ab8856e2c,JD Sports,8348,"['Schlossstraße 117', '12163 Berlin', 'Deutschland']",52.46236942932585,13.326460272073744,Sporting Goods Shop
164,TS3177,52.07584113928571,4.30891749464286,Z HOLLAND DEN HAAG R,DEN HAAG,NL,Den Haag,2511BG,3511,6792,"TM8862,TS3177",5a8ecef4f4b5255793e89be9,JD Sports,210,"['8 Spuistraat', '2511 BD Den Haag', 'Nederland']",52.077265774377395,4.3109482526779175,Sporting Goods Shop
165,TS3178,51.9205603355263,4.48330226842105,Z HOLLAND ROTTERDAM R,ROTTERDAM,NL,Rotterdam,3011PM,3510,6530,"TM8744,TS3178",52f2499511d20ef978d3810d,JD Sports,451,"['Lijnbaan 77', '3012 EM Rotterdam', 'Nederland']",51.88680106696882,4.47672829946896,Sporting Goods Shop
166,TS3180,53.228607,-0.5408199,LINCOLN,LINCOLN,ENG,Unit Ru2,LN2 1AP,1040,4490,"TM8749,TS3180",50dd8f01e4b07549714a148a,JD Sports,380,"['Unit A 158 High Street (Unit A)', 'Lincoln', 'Lincolnshire', 'LN5 7TP', 'United Kingdom']",53.22543580714263,-0.5429587288360835,Sporting Goods Shop
167,TS3190,-33.892378825,151.2506208,Z AUSTRALIA SYDNEY R,BONDI JUNCTION SYDNEY,AU,500 Oxford Street,NSW 2022,3400,8923,"TM8762,TS3190",5c00cb9eff0306002cc12b7d,JD Sports,4700,"['Shop T4, 189 Sydney Arcade,  Pitt Street Mall  2000', 'Sydney NSW 2000', 'Australia']",-33.869225,151.2080901,Sporting Goods Shop
168,TS3191,-37.81423,144.963151248438,Z AUSTRALIA MELBOURNE R,EMPORIUM,AU,Emporium Shopping Centre,3000 VIC,3402,13277,"TM8763,TS3191",5902a12535d3fc51b966ff67,JD Sports,429,"['Melbourne VIC 3000', 'Australia']",-37.810369322243005,144.88636,Sporting Goods Shop
169,TS3194,-33.87082589999999,151.205152,Z AUSTRALIA SYDNEY R,GOWINGS,AU,Gowings Building,2000 NSW,3403,10241,"TM8761,TS3194",5c00cb9eff0306002cc12b7d,JD Sports,324,"['Shop T4, 189 Sydney Arcade,  Pitt Street Mall  2000', 'Sydney NSW 2000', 'Australia']",-33.869225,151.2080901,Sporting Goods Shop
170,TS3274,50.93980870000001,6.9547510909817305,Z GERMANY COLOGNE R,COLOGNE KAUFHOF,DE,Hohe Straße 41-53,50667,,10113,"TM8803,TS3274",558ec612498e164a5dcea758,JD Sports,173,"['Hohe Str. 128-132', '50667 Köln', 'Deutschland']",50.93796879999999,6.956547796726228,Sporting Goods Shop
